,AGG,IEF,IAU,XLK,IXC,EWS,XLU,EWJ,XLP,IYR,IYZ,VUG,IBB,EWM,VNQ
2005-02-02,103.03,85.66,4.27,19.78,24.7,7.26,28.12,10.59,23.29,56.71,23.0,49.27,70.3,7.26,51.77
2005-02-09,102.65,85.24,4.17,19.92,25.45,7.25,28.82,10.54,23.51,57.68,23.38,49.95,70.96,7.21,52.79
2005-02-16,102.91,85.81,4.18,19.99,26.22,7.38,29.07,10.52,23.4,59.06,23.16,50.13,70.0,7.25,54.25
2005-02-23,102.7,85.18,4.27,19.92,26.97,7.46,29.32,10.54,23.5,59.86,23.02,50.47,70.61,7.2,54.94
2005-03-02,102.39,84.69,4.34,19.88,27.94,7.43,28.69,10.58,23.29,57.5,23.26,50.25,70.16,7.11,52.74
2005-03-09,101.8,83.97,4.31,19.99,28.71,7.46,29.25,10.81,23.61,58.6,23.6,50.66,67.4,7.0,53.84
2005-03-16,101.16,83.48,4.42,20.15,27.91,7.55,29.38,11.03,23.43,58.5,23.39,50.63,65.49,7.08,53.61
2005-03-23,101.27,83.68,4.39,19.56,28.37,7.5,29.47,10.88,23.2,58.32,22.93,49.83,65.07,7.07,53.6
2005-03-30,100.84,83.02,4.25,19.37,27.27,7.34,28.72,10.71,22.91,55.7,22.65,49.32,65.7,6.85,51.5
2005-04-06,100.93,83.69,4.29,19.56,27.73,7.24,29.15,10.49,23.02,56.1,22.9,49.42,63.55,6.79,51.82
2005-04-13,101.0,83.48,4.26,19.73,28.2,7.43,29.68,10.61,23.2,56.7,23.31,49.84,65.7,6.69,52.24
2005-04-20,101.7,84.52,4.24,19.05,26.95,7.33,29.53,10.28,23.08,57.05,22.99,48.67,64.6,6.78,52.31
2005-04-27,101.89,84.72,4.32,19.05,27.02,7.3,29.53,10.2,22.86,57.48,22.71,48.44,65.45,6.76,52.74
2005-05-04,102.49,85.82,4.31,18.7,26.32,7.25,29.63,10.07,22.72,58.54,22.86,47.81,63.0,6.75,54.09
2005-05-11,102.1,85.67,4.3,19.08,27.09,7.44,29.89,10.45,23.16,60.01,22.7,49.04,65.44,7.13,55.6
2005-05-18,102.16,85.56,4.22,19.12,26.05,7.45,29.65,10.16,23.05,60.15,22.49,48.79,67.04,7.03,55.32
2005-05-25,102.25,85.92,4.2,20.0,26.17,7.42,29.88,10.16,23.55,62.34,22.99,50.38,67.2,6.94,57.35
2005-06-01,102.62,86.27,4.17,20.34,26.9,7.4,29.92,10.1,23.46,60.69,23.08,50.81,66.95,6.8,55.86
2005-06-08,103.17,87.05,4.21,20.47,27.47,7.43,30.38,10.25,23.53,62.15,23.28,51.24,66.85,6.76,57.19
2005-06-15,103.0,86.82,4.23,20.28,28.01,7.57,30.61,10.23,23.39,63.4,23.3,51.05,65.3,6.93,58.42
2005-06-22,102.63,86.18,4.34,20.29,28.79,7.53,30.73,10.28,23.35,64.28,23.6,51.28,67.5,7.03,59.24
2005-06-29,103.16,86.78,4.41,20.24,29.05,7.62,31.34,10.24,22.97,63.35,23.3,50.86,67.35,7.05,59.05
2005-07-06,103.38,86.96,4.35,19.92,28.81,7.57,31.56,10.14,22.75,63.6,23.4,50.57,67.9,6.92,58.7
2005-07-13,102.59,85.98,4.24,20.09,29.96,7.48,31.62,10.09,22.7,64.85,23.4,50.68,70.15,7.02,59.86
2005-07-20,102.24,85.22,4.19,21.04,29.69,7.67,32.03,10.19,23.37,65.0,23.88,52.13,72.75,7.23,60.23
2005-07-27,101.8,84.75,4.25,21.01,29.47,8.19,31.62,10.39,23.21,65.56,23.6,52.43,77.17,7.59,60.77
2005-08-03,102.3,85.31,4.28,21.16,30.47,8.15,32.26,10.32,23.58,67.95,24.18,53.13,76.34,7.41,62.97
2005-08-10,101.6,84.43,4.37,21.21,31.18,8.14,32.47,10.33,23.29,67.2,24.2,52.77,76.58,7.49,62.08
2005-08-17,101.54,84.32,4.45,21.07,32.39,8.13,31.77,10.97,23.16,64.15,24.11,52.72,75.2,7.49,59.38
2005-08-24,102.05,85.07,4.39,20.74,30.63,7.95,31.45,10.9,23.21,63.8,23.85,52.01,74.07,7.27,59.36
2005-08-31,102.24,85.34,4.38,20.67,31.12,7.9,32.2,11.1,23.01,64.43,23.67,51.72,74.82,7.35,59.86
2005-09-07,102.65,86.03,4.42,20.8,33.1,7.95,32.99,11.23,23.04,65.4,23.88,51.98,76.81,7.28,60.88
2005-09-14,102.22,85.5,4.47,21.03,32.69,7.96,33.04,11.19,23.26,65.9,23.9,52.47,78.32,7.28,61.49
2005-09-21,101.94,85.12,4.55,20.85,32.92,8.0,33.54,11.62,23.13,65.85,23.78,52.12,77.75,7.32,61.12
2005-09-28,102.05,85.34,4.64,20.56,33.97,7.92,32.6,11.76,22.69,63.47,23.45,51.52,76.5,7.28,59.29
2005-10-05,101.6,84.68,4.72,20.76,34.36,8.03,33.63,12.39,23.12,63.46,23.45,51.73,76.49,7.32,59.5
2005-10-12,101.1,83.97,4.73,20.16,30.97,7.73,31.99,11.62,22.86,61.65,22.99,50.67,73.25,7.21,58.25
2005-10-19,100.53,83.49,4.7,19.93,30.4,7.91,30.51,11.95,22.62,59.5,22.32,50.25,71.92,7.27,55.65
2005-10-26,100.82,83.66,4.6,20.05,29.18,7.5,29.95,11.5,22.89,60.1,22.07,50.63,72.07,7.1,56.45
2005-11-02,100.38,83.15,4.73,20.02,29.95,7.43,30.44,11.81,22.7,60.34,22.73,50.49,72.18,7.07,56.7
2005-11-09,99.45,82.32,4.6,20.8,32.05,7.79,30.93,12.36,23.19,61.39,23.23,52.3,75.51,7.21,57.77
2005-11-16,99.99,82.87,4.65,21.1,30.03,7.66,30.92,12.22,23.47,63.44,23.4,52.99,77.45,7.14,59.58
2005-11-23,100.15,83.46,4.85,21.43,31.0,7.77,31.23,12.48,23.34,64.28,23.38,53.73,78.14,7.03,60.38
2005-11-30,100.71,83.74,4.95,21.86,32.08,7.84,31.75,12.52,23.7,66.44,24.04,54.6,78.91,7.15,62.16
2005-12-07,99.7,82.88,5.02,22.04,32.05,7.96,31.52,12.75,23.54,66.15,24.13,54.66,77.2,7.05,62.04
2005-12-14,100.3,83.4,5.2,21.74,32.8,7.93,31.64,12.66,23.32,65.5,23.77,54.27,77.12,7.05,61.44
2005-12-21,100.3,83.45,5.02,21.75,32.51,8.05,32.6,13.1,23.94,65.75,23.86,54.83,77.47,7.09,61.59
2005-12-28,100.62,83.73,5.02,21.35,31.93,8.1,31.78,13.68,23.71,65.13,23.17,54.61,78.68,7.11,61.8
2006-01-04,100.47,83.88,5.16,21.04,31.14,7.87,31.56,13.61,23.48,64.64,22.96,53.79,77.51,6.83,59.73
2006-01-11,100.88,84.07,5.24,21.66,32.27,8.22,31.84,13.98,23.4,66.67,23.27,54.71,79.73,6.93,61.68
2006-01-18,100.75,83.75,5.45,22.14,33.07,8.26,31.98,14.05,23.51,68.25,23.51,55.37,80.83,7.1,63.09
2006-01-25,101.05,84.04,5.56,21.84,34.09,8.21,32.9,13.6,23.51,67.8,23.49,55.25,81.45,7.05,62.83
2006-02-01,100.37,83.32,5.58,21.47,34.15,8.3,32.21,13.83,23.34,67.9,23.63,54.59,79.4,7.19,63.22
2006-02-08,99.95,82.8,5.71,21.43,34.44,8.33,31.82,13.77,23.38,68.88,23.86,54.48,80.6,7.18,63.9
2006-02-15,100.15,82.86,5.62,21.47,32.97,8.42,31.76,13.64,23.24,67.75,24.1,53.97,79.11,7.27,63.1
2006-02-22,99.86,82.61,5.46,22.05,32.8,8.36,32.01,13.59,23.73,69.43,25.21,55.01,82.65,7.36,64.59
2006-03-01,100.24,82.9,5.47,21.69,32.91,8.39,32.43,13.56,23.8,70.75,25.08,54.69,82.95,7.37,65.82
2006-03-08,99.7,82.21,5.68,22.13,33.41,8.62,32.46,13.72,23.49,70.22,25.29,55.03,84.99,7.38,65.54
2006-03-15,99.12,81.91,5.44,21.62,32.15,8.56,31.51,13.52,23.93,71.02,25.25,54.2,82.3,7.33,66.44
2006-03-22,99.82,82.52,5.53,22.04,33.87,8.67,32.47,13.79,24.1,74.14,25.88,55.43,83.6,7.37,69.06
2006-03-29,99.4,82.06,5.48,22.02,33.28,8.61,31.55,13.92,23.98,73.36,25.8,55.14,82.25,7.43,67.65
2006-04-05,98.75,81.52,5.86,22.27,34.29,8.74,31.06,14.45,23.69,73.25,25.9,55.35,82.04,7.48,67.78
2006-04-12,98.72,81.2,5.94,22.52,35.02,8.88,31.11,14.78,23.62,71.93,25.96,55.77,79.7,7.64,66.38
2006-04-19,98.21,80.46,5.97,22.1,34.94,8.92,30.24,14.48,23.26,68.98,25.45,54.84,78.11,7.56,63.75
2006-04-26,98.24,80.73,6.11,22.3,36.51,9.12,31.11,14.69,23.42,71.37,25.36,55.72,78.64,7.72,65.99
2006-05-03,98.33,80.67,6.3,22.32,35.87,9.26,31.19,14.86,23.77,70.9,25.61,55.35,77.75,7.75,65.37
2006-05-10,97.77,80.05,6.77,21.8,36.55,9.58,31.47,15.13,23.84,70.34,25.54,55.18,76.43,7.94,65.19
2006-05-17,97.8,80.15,7.13,21.18,36.86,9.42,31.61,15.03,23.86,70.34,25.4,54.85,74.99,8.03,64.83
2006-05-24,98.26,80.66,6.76,20.45,33.91,8.98,30.83,14.36,23.6,68.41,24.56,52.92,71.48,7.74,62.94
2006-05-31,98.0,80.68,6.48,20.66,34.52,8.75,31.29,14.1,24.09,68.75,24.84,53.34,72.62,7.59,63.5
2006-06-07,97.52,80.27,6.27,20.78,34.9,8.62,32.15,14.06,24.01,70.19,25.4,53.9,74.66,7.61,65.01
2006-06-14,98.23,80.8,6.09,20.02,33.2,8.14,32.2,12.91,23.76,70.31,25.0,52.25,72.83,7.29,65.61
2006-06-21,97.82,80.35,5.72,20.22,33.27,8.45,32.4,13.05,23.85,70.09,25.18,52.45,72.42,7.2,65.37
2006-06-28,97.17,79.88,5.78,20.09,32.76,8.38,31.61,13.0,23.88,68.96,24.84,52.12,69.79,7.22,64.74
2006-07-05,97.45,80.04,5.96,20.44,35.03,8.7,32.17,13.53,24.31,70.91,25.32,52.93,71.91,7.33,65.8
2006-07-12,97.0,79.93,6.3,20.18,35.65,8.84,32.26,13.54,24.41,72.7,25.54,52.73,72.83,7.37,67.58
2006-07-19,97.75,80.58,6.56,19.15,35.55,8.44,32.66,12.96,24.24,72.31,24.64,50.99,69.88,7.28,67.2
2006-07-26,98.08,80.94,6.26,19.2,34.7,8.45,33.38,12.76,24.49,72.95,24.88,50.85,68.75,7.22,67.76
2006-08-02,98.31,81.0,6.3,19.49,36.26,8.74,33.76,13.22,24.46,73.1,25.99,51.24,70.71,7.46,68.12
2006-08-09,98.29,81.14,6.42,19.82,36.64,8.81,34.06,13.56,24.73,74.29,26.26,51.98,72.44,7.45,69.04
2006-08-16,98.64,81.42,6.33,19.82,36.75,8.91,33.95,13.58,24.89,72.83,26.02,51.58,69.2,7.55,68.04
2006-08-23,98.94,81.73,6.12,20.75,36.0,9.03,33.96,13.96,25.04,74.03,26.27,53.1,72.0,7.53,69.08
2006-08-30,99.22,82.08,6.18,20.68,36.52,8.86,34.31,13.74,25.28,74.66,26.26,52.63,71.76,7.59,70.01
2006-09-06,99.55,82.46,6.23,21.19,35.44,9.07,34.77,13.71,25.52,76.05,26.81,53.38,73.74,7.71,71.28
2006-09-13,99.04,82.0,6.13,20.92,34.69,9.17,34.35,13.7,25.41,75.43,26.79,52.85,71.72,7.75,70.67
2006-09-20,99.28,82.08,5.72,21.69,33.25,9.19,33.98,13.42,25.68,78.0,27.58,54.1,72.71,7.68,72.51
2006-09-27,100.0,83.01,5.8,21.73,33.13,9.25,33.59,13.39,25.46,77.2,27.73,54.18,72.65,7.73,72.14
2006-10-04,100.11,83.23,5.98,22.07,34.2,9.33,34.33,13.56,25.45,77.25,27.42,54.96,73.88,7.78,72.07
2006-10-11,99.9,83.05,5.7,22.29,33.57,9.69,34.41,13.86,25.41,79.23,27.81,55.7,75.92,7.8,73.88
2006-10-18,99.34,82.14,5.76,22.7,33.83,9.84,34.51,13.69,25.35,79.75,28.27,56.05,77.6,7.91,74.24
2006-10-25,99.47,82.15,5.95,22.62,35.21,9.88,35.39,13.8,25.45,80.75,28.33,56.15,78.77,7.92,75.2
2006-11-01,99.84,82.59,5.92,23.06,36.03,10.32,35.9,14.08,26.05,82.0,29.23,57.06,79.44,7.98,76.29
2006-11-08,100.07,83.02,6.2,22.63,35.37,10.23,35.84,13.78,25.59,79.88,28.63,56.19,78.35,8.17,74.31
2006-11-15,100.1,82.92,6.3,23.03,37.04,10.38,35.64,13.46,25.54,79.41,28.45,56.73,79.03,8.41,73.72
2006-11-22,100.06,82.79,6.13,23.6,36.26,10.63,36.0,13.53,25.85,81.3,28.26,58.04,81.19,8.52,75.74
2006-11-29,100.69,83.48,6.35,23.76,36.61,10.78,36.2,13.21,25.73,85.85,28.32,58.28,81.2,8.84,80.01
2006-12-06,101.07,84.05,6.44,23.52,38.03,10.97,36.74,13.81,25.61,85.95,28.52,58.0,80.08,9.05,79.99
2006-12-13,100.73,83.66,6.28,23.39,37.94,11.11,36.88,14.1,26.02,85.2,28.91,58.32,80.72,9.31,79.21
2006-12-20,100.33,83.09,6.21,23.69,38.83,11.23,37.31,14.15,26.15,85.0,29.49,58.72,79.31,9.27,78.94
2006-12-27,100.6,83.45,6.14,23.22,37.05,10.9,36.7,14.08,26.09,82.4,29.23,58.13,78.6,8.92,77.37
2007-01-03,99.71,82.48,6.3,23.33,37.21,11.16,36.73,14.19,26.25,83.55,29.59,58.05,78.2,9.1,76.64
2007-01-10,100.12,82.95,6.18,23.69,35.25,11.42,36.77,14.35,26.33,83.85,29.6,58.23,78.84,9.4,77.22
2007-01-17,99.81,82.39,6.08,23.96,34.15,11.05,36.17,13.87,26.55,85.8,29.43,59.12,80.15,9.36,78.86
2007-01-24,99.88,82.33,6.22,23.39,34.65,11.4,36.04,14.09,26.57,87.05,29.62,58.96,80.75,9.79,80.1
2007-01-31,99.54,81.8,6.41,23.34,35.53,11.54,36.34,14.22,26.56,89.53,30.17,58.85,79.55,9.99,82.15
2007-02-07,99.29,81.74,6.53,23.63,36.21,11.91,36.9,14.5,26.75,91.35,30.68,59.66,80.79,10.22,84.09
2007-02-14,99.96,82.33,6.56,23.8,36.12,12.17,37.91,14.23,26.56,93.85,30.81,59.88,80.54,10.8,86.6
2007-02-21,100.14,82.51,6.65,23.95,36.0,12.31,38.17,14.92,26.87,92.78,30.96,60.25,80.46,10.86,85.7
2007-02-28,100.05,82.48,6.73,24.0,36.05,12.44,38.23,14.91,26.8,92.28,31.04,60.44,80.72,10.95,85.4
2007-03-07,100.44,83.31,6.59,23.07,34.92,11.39,38.65,14.69,26.3,87.58,30.46,58.13,75.58,9.81,80.68
2007-03-14,100.51,83.63,6.46,22.94,35.05,11.81,38.25,14.68,26.14,85.71,30.18,57.96,74.56,10.05,79.25
2007-03-21,100.57,83.56,6.41,22.99,34.61,11.78,38.74,14.42,26.13,85.94,30.25,57.65,73.65,9.9,79.89
2007-03-28,100.55,83.4,6.58,23.63,36.32,12.38,39.66,14.88,26.73,87.75,31.33,59.3,75.75,10.59,81.16
2007-04-04,100.35,83.19,6.57,23.37,37.53,12.4,40.11,14.67,26.58,84.45,31.13,58.42,75.03,10.79,78.23
2007-04-11,99.92,82.71,6.7,23.86,37.73,12.96,40.7,14.68,27.09,86.5,31.61,59.61,78.81,11.32,80.07
2007-04-18,99.75,82.48,6.71,23.87,38.46,13.04,40.73,14.63,27.0,85.05,31.53,59.86,79.49,11.53,78.81
2007-04-25,100.19,82.96,6.76,24.09,38.26,12.71,41.25,14.58,27.35,86.13,31.96,60.71,80.99,11.5,79.8
2007-05-02,100.14,82.91,6.69,24.63,39.3,13.08,42.16,14.47,27.56,87.45,32.08,61.61,83.6,11.64,80.75
2007-05-09,99.94,82.77,6.76,24.91,39.8,13.34,42.17,14.38,27.4,86.08,32.61,61.76,82.79,11.94,79.39
2007-05-16,100.11,82.99,6.61,24.92,39.12,13.17,42.0,14.43,27.13,85.3,32.64,61.36,79.5,11.81,78.19
2007-05-23,99.74,82.42,6.52,25.18,40.76,13.6,42.6,14.29,27.49,81.92,33.27,62.05,80.0,12.15,75.31
2007-05-30,99.41,82.01,6.48,24.98,40.97,13.46,41.08,14.34,27.33,80.72,33.63,61.7,80.28,11.69,74.12
2007-06-06,99.22,81.8,6.56,25.65,41.54,13.69,41.84,14.6,27.77,85.62,34.63,63.14,81.38,11.94,78.95
2007-06-13,97.83,80.22,6.54,24.99,41.17,13.12,39.0,14.59,27.3,81.5,33.56,61.41,78.82,11.54,75.15
2007-06-20,97.54,79.87,6.46,25.65,42.65,13.72,40.18,14.51,27.6,80.78,34.12,62.85,80.16,11.79,74.43
2007-06-27,97.85,80.21,6.45,25.82,43.26,14.09,39.46,14.57,27.2,79.1,33.98,63.02,79.11,12.14,72.4
2007-07-04,98.17,80.67,6.44,25.69,42.82,13.6,39.27,14.37,27.02,77.52,33.8,62.31,78.65,11.72,71.22
2007-07-11,97.68,80.21,6.45,26.1,44.04,13.7,40.07,14.7,27.24,80.27,34.45,63.31,78.74,12.0,73.48
2007-07-18,97.78,80.35,6.6,26.59,45.67,14.26,40.15,14.71,27.51,78.93,34.78,64.35,80.0,12.03,72.26
2007-07-25,98.17,80.96,6.71,26.9,46.0,14.03,41.15,14.67,27.56,78.56,35.01,64.69,80.02,12.01,72.19
2007-08-01,98.83,82.31,6.57,26.2,43.29,13.46,38.7,14.4,26.8,72.4,33.66,62.27,78.74,11.54,66.31
2007-08-08,98.28,82.11,6.59,25.85,42.34,13.45,39.28,14.25,26.7,72.55,33.84,62.17,76.92,11.6,67.04
2007-08-15,98.46,82.19,6.55,25.6,41.3,13.04,39.7,14.12,27.25,74.47,32.03,61.3,78.79,10.99,68.95
2007-08-22,98.67,82.97,6.46,24.59,39.27,12.05,38.3,13.7,26.52,70.01,31.29,59.14,76.35,10.22,66.1
2007-08-29,99.3,83.33,6.53,25.4,41.11,13.15,39.37,13.9,26.93,74.22,32.77,61.1,78.1,11.13,68.8
2007-09-05,99.76,84.12,6.59,25.87,41.86,13.06,38.68,13.77,26.83,72.65,32.94,61.55,78.4,10.98,68.35
2007-09-12,99.58,83.99,6.9,26.29,43.44,13.55,39.3,13.73,26.87,73.75,33.18,62.65,81.35,11.24,69.32
2007-09-19,99.83,84.19,7.02,26.0,44.33,14.02,39.71,13.54,27.22,73.74,32.67,62.66,81.48,11.43,69.47
2007-09-26,99.42,83.01,7.28,26.57,45.9,14.12,40.54,13.75,27.8,76.85,33.67,64.02,81.9,11.53,71.33
2007-10-03,99.87,83.85,7.27,27.07,46.21,14.94,40.43,14.35,27.89,76.72,34.03,64.84,83.47,11.87,72.23
2007-10-10,99.51,83.94,7.31,27.11,45.47,15.22,40.58,14.46,27.9,79.23,34.16,65.19,84.36,12.11,74.93
2007-10-17,99.64,83.33,7.4,27.44,46.63,15.6,41.4,14.52,28.17,79.71,33.68,66.08,86.48,12.33,75.25
2007-10-24,100.27,84.19,7.6,27.81,48.21,15.49,40.64,14.17,28.02,76.2,33.19,66.1,86.18,12.39,72.16
2007-10-31,100.85,85.09,7.62,27.57,47.06,15.1,40.98,13.9,28.15,74.8,32.15,65.5,85.8,12.34,70.6
2007-11-07,100.44,84.86,7.81,28.09,46.93,15.13,41.58,14.18,27.85,74.3,31.3,65.59,85.29,12.59,69.55
2007-11-14,100.45,85.34,8.21,26.52,47.89,14.58,42.26,13.58,28.15,70.53,30.44,64.26,83.6,12.7,66.49
2007-11-21,101.06,86.1,7.8,25.95,44.64,13.84,41.67,13.56,28.44,71.35,29.43,63.14,82.42,12.37,67.4
2007-11-28,101.25,86.91,8.15,25.78,45.77,13.69,41.92,13.64,28.54,67.82,28.5,62.8,80.47,12.32,64.25
2007-12-05,101.79,87.46,7.84,26.4,45.51,14.21,42.45,14.04,29.15,69.38,29.04,64.5,84.0,12.47,64.3
2007-12-12,101.44,86.92,7.94,26.87,47.28,14.87,43.95,14.38,29.15,72.12,29.89,65.87,85.68,13.16,67.81
2007-12-19,100.66,85.97,7.89,26.93,47.43,14.23,44.0,13.8,29.38,68.38,29.74,65.17,82.69,12.9,64.42
2007-12-26,101.18,86.95,7.88,26.8,46.69,13.18,43.24,13.22,28.8,66.75,29.63,64.19,82.25,12.07,61.16
2008-01-02,100.6,85.92,8.16,26.99,47.19,13.47,42.61,13.11,28.92,66.48,29.86,64.97,82.64,12.73,62.05
2008-01-09,101.92,87.81,8.56,26.16,47.94,13.5,42.03,13.28,28.24,63.04,29.0,63.83,81.15,12.78,59.36
2008-01-16,102.07,88.01,8.84,24.64,46.33,13.41,43.44,13.0,28.67,61.34,28.13,61.68,83.25,13.9,57.34
2008-01-23,103.27,89.74,8.67,23.5,41.51,12.1,40.6,12.18,27.55,59.25,26.43,58.06,82.33,12.97,55.82
2008-01-30,102.84,89.37,9.02,23.2,41.59,12.37,38.6,12.28,27.07,64.71,24.97,58.55,77.69,12.68,60.3
2008-02-06,103.51,89.93,9.15,23.25,41.73,12.18,39.22,12.72,27.2,65.77,26.26,59.31,78.2,13.07,60.98
2008-02-13,102.26,88.9,8.99,22.47,40.6,11.85,39.31,12.27,27.1,65.43,25.05,57.82,77.72,12.97,61.07
2008-02-20,102.0,88.79,8.98,22.8,42.96,12.23,39.3,12.29,27.23,63.91,25.49,59.06,78.0,13.26,58.92
2008-02-27,102.13,89.17,9.34,22.51,43.42,12.36,38.74,12.39,27.3,62.55,23.8,58.8,75.67,12.79,58.0
2008-03-05,102.54,89.8,9.59,22.61,45.91,12.58,38.75,12.68,27.65,64.13,24.38,60.11,77.21,12.79,59.9
2008-03-12,101.29,90.24,9.65,22.02,44.26,11.87,37.94,12.19,27.2,59.9,23.22,57.93,73.38,11.98,56.98
2008-03-19,102.12,90.77,9.85,22.23,44.71,11.9,38.28,12.35,27.43,63.16,22.67,58.02,73.05,11.36,60.25
2008-03-26,103.42,92.53,9.02,22.5,41.43,12.13,37.5,12.05,27.62,66.83,23.04,57.24,72.44,11.27,64.0
2008-04-02,102.59,91.17,9.36,22.48,42.97,12.72,38.08,12.41,27.88,65.68,23.3,58.06,75.81,11.68,62.75
2008-04-09,101.6,90.28,8.96,23.32,44.61,13.39,39.35,12.77,28.13,69.99,24.33,59.94,77.78,11.52,67.12
2008-04-16,102.57,90.56,9.19,23.23,46.1,13.18,39.28,12.45,27.97,66.31,23.68,60.12,78.96,11.83,64.29
2008-04-23,101.73,89.49,9.27,23.42,47.79,13.5,40.55,12.75,28.15,69.3,23.57,60.34,77.32,11.83,66.59
2008-04-30,101.68,88.69,8.72,24.29,48.17,13.79,40.21,12.85,28.09,70.74,24.73,61.7,78.08,12.27,67.95
2008-05-07,102.1,88.88,8.38,24.82,47.88,13.75,40.49,13.4,28.15,70.5,26.25,62.45,79.37,12.12,67.8
2008-05-14,102.19,88.93,8.73,24.65,50.15,13.53,39.96,13.34,28.0,68.89,25.8,62.47,77.44,11.8,65.82
2008-05-21,102.16,88.6,8.71,25.43,50.88,13.66,40.59,13.57,28.5,71.58,26.77,63.84,77.79,11.78,68.49
2008-05-28,101.55,88.13,9.1,24.53,53.0,13.52,41.62,13.43,28.22,68.19,26.28,62.62,77.47,11.61,65.12
2008-06-04,100.62,87.02,8.66,25.25,51.06,13.56,41.48,13.36,28.42,69.72,26.87,63.25,79.36,11.42,66.42
2008-06-11,100.42,87.2,8.67,25.41,51.14,13.49,41.69,13.83,28.62,70.63,27.42,64.23,80.89,11.08,67.37
2008-06-18,99.45,86.14,8.57,24.07,49.95,12.74,40.92,12.85,28.06,65.55,25.24,61.64,75.72,10.94,62.84
2008-06-25,99.56,86.21,8.87,24.3,50.11,12.79,41.63,13.01,27.5,66.24,25.2,62.36,78.02,10.74,63.58
2008-07-02,100.11,87.51,9.04,23.08,49.21,12.26,40.07,12.38,26.75,61.48,23.9,59.4,76.62,10.3,58.73
2008-07-09,99.58,87.71,9.22,22.44,48.97,12.1,40.38,12.29,26.78,59.4,23.05,57.88,78.58,9.82,57.32
2008-07-16,100.8,88.79,9.33,22.43,47.28,12.3,40.8,12.15,27.22,58.85,23.2,57.84,81.05,10.01,56.42
2008-07-23,99.56,87.52,9.44,22.56,44.05,12.58,38.49,12.11,27.19,61.2,23.21,58.03,83.38,9.96,58.66
2008-07-30,99.97,87.73,9.16,22.05,43.34,12.51,38.1,12.29,27.14,60.72,23.5,57.33,85.36,10.01,58.4
2008-08-06,100.41,88.34,9.01,22.3,43.87,12.33,38.08,12.0,27.4,62.3,23.26,58.22,88.9,10.23,60.21
2008-08-13,99.84,88.42,8.6,22.87,42.08,11.77,36.95,11.46,27.98,62.35,22.76,58.27,85.7,9.83,60.09
2008-08-20,99.93,88.64,7.93,23.62,41.93,11.68,36.81,11.35,28.66,64.5,23.73,59.74,90.32,9.57,62.49
2008-08-27,100.49,89.13,8.24,23.0,43.46,11.4,37.75,11.38,28.34,61.05,23.33,59.18,86.42,9.19,59.04
2008-09-03,100.78,89.49,8.24,23.27,43.73,11.3,38.38,11.4,28.42,64.15,24.08,59.77,86.57,9.21,62.0
2008-09-10,101.04,90.24,7.84,21.52,39.75,10.46,36.15,10.95,28.06,63.06,23.44,56.05,83.81,8.89,61.28
2008-09-17,101.62,90.07,7.3,21.65,38.54,10.56,35.81,10.99,29.09,64.37,22.89,56.44,84.19,8.75,62.6
2008-09-24,100.55,90.82,8.32,20.77,38.15,10.11,34.21,10.73,27.95,65.07,21.34,54.33,82.75,8.42,63.09
2008-10-01,99.21,88.97,8.66,20.7,40.69,10.28,34.52,11.16,27.8,61.56,21.32,54.33,82.71,8.86,63.09
2008-10-08,97.88,89.78,8.22,18.9,34.18,9.36,32.61,10.08,27.45,56.96,19.58,54.33,77.82,8.33,63.09
2008-10-15,94.89,88.72,9.1,16.0,27.58,7.85,26.85,8.46,23.4,44.24,15.18,54.33,66.4,8.09,63.09
2008-10-22,93.75,87.4,7.94,16.7,27.29,7.95,27.27,8.86,24.13,43.79,15.98,54.33,67.13,7.67,63.09
2008-10-29,96.01,89.77,7.1,15.8,27.72,6.81,28.22,8.83,24.0,38.53,14.79,54.33,67.33,7.14,63.09
2008-11-05,96.26,88.07,7.26,16.75,30.57,7.25,29.7,9.01,24.27,40.03,15.77,54.33,69.98,7.12,63.09
2008-11-12,96.6,88.96,7.25,15.4,28.55,6.75,27.84,8.55,24.15,37.33,15.79,54.33,68.52,7.22,36.44
2008-11-19,96.69,88.96,7.2,15.52,29.6,7.14,29.5,9.09,24.2,36.72,16.14,40.11,71.05,7.36,35.85
2008-11-26,97.4,93.75,7.38,13.19,24.4,5.86,26.21,7.8,21.94,25.3,13.05,33.46,60.64,6.71,24.21
2008-12-03,98.45,94.36,8.03,15.25,30.44,6.8,30.12,8.66,24.07,33.38,16.53,39.19,65.35,7.04,32.08
2008-12-10,99.87,96.57,7.56,14.46,26.48,6.21,28.29,8.31,23.05,31.0,15.85,36.9,63.9,6.64,30.04
2008-12-17,100.46,96.49,8.07,15.17,29.99,6.97,28.72,8.92,23.11,31.5,16.07,38.15,64.7,7.0,30.88
2008-12-24,102.31,99.85,8.39,15.22,29.26,7.25,28.77,9.18,23.62,35.49,16.09,38.92,69.54,7.43,34.5
2008-12-31,103.67,99.64,8.57,14.93,27.92,6.79,28.08,9.17,23.32,36.03,15.99,38.23,69.68,7.12,35.3
2009-01-07,103.55,97.12,8.64,15.99,30.7,7.25,29.71,9.63,24.21,36.21,17.0,40.72,72.07,7.52,35.29
2009-01-14,102.86,97.17,8.44,15.9,30.48,7.11,29.31,9.34,23.4,35.84,17.46,40.3,71.07,7.52,34.89
2009-01-21,103.07,98.77,8.04,14.84,27.83,6.21,28.34,8.75,22.74,32.36,15.74,37.94,70.3,7.21,31.42
2009-01-28,102.08,96.2,8.47,14.68,27.24,6.4,28.71,8.58,22.77,31.23,15.7,37.51,69.08,6.98,30.24
2009-02-04,101.49,94.74,8.96,15.13,28.07,6.56,29.57,8.64,22.85,32.37,15.78,38.4,71.0,6.99,31.35
2009-02-11,100.68,94.12,9.02,15.44,28.74,6.43,29.7,8.64,22.14,30.21,15.63,39.05,73.94,7.12,29.11
2009-02-18,102.1,95.31,9.32,15.46,28.09,6.3,28.54,8.26,21.9,30.22,15.61,38.78,73.95,7.14,28.83
2009-02-25,101.5,94.92,9.58,14.4,26.64,5.97,26.85,7.72,21.63,25.7,14.9,36.87,70.62,7.05,24.4
2009-03-04,100.68,93.82,9.3,14.22,25.68,5.87,25.75,7.31,20.49,25.53,15.09,35.2,65.64,7.07,24.21
2009-03-11,100.43,94.93,9.21,13.58,23.28,5.4,23.21,7.14,19.65,22.54,14.03,32.99,59.26,6.67,21.44
2009-03-18,100.57,94.77,9.11,14.7,25.81,5.58,23.3,7.24,20.26,27.23,15.09,35.63,63.91,6.76,26.21
2009-03-25,101.9,96.87,9.43,15.35,27.31,5.83,25.81,7.84,20.89,26.31,15.88,36.86,64.85,6.79,25.17
2009-04-01,100.4,96.07,9.19,16.17,28.36,6.61,26.06,8.37,21.82,26.42,16.61,39.0,68.12,7.28,25.13
2009-04-08,100.75,95.92,8.89,16.48,28.18,6.74,25.98,8.42,21.91,26.9,17.12,39.17,65.47,7.52,25.9
2009-04-15,100.42,94.75,8.64,16.73,27.94,6.97,26.07,8.48,21.67,30.48,17.15,39.95,66.19,7.6,29.61
2009-04-22,101.23,95.51,8.6,16.99,27.78,7.23,25.82,8.49,21.98,31.91,16.99,40.35,65.01,7.85,30.53
2009-04-29,101.33,94.78,8.89,16.86,27.31,7.16,25.4,8.52,21.59,31.61,16.64,39.84,63.38,7.96,30.61
2009-05-06,101.64,93.67,8.73,17.25,28.29,7.32,25.85,8.51,22.0,33.0,17.22,41.08,65.49,8.13,31.73
2009-05-13,100.99,92.42,8.94,17.11,30.58,8.67,26.86,8.84,22.47,32.6,18.03,41.77,65.19,8.43,31.3
2009-05-20,101.96,93.78,9.1,16.8,30.64,8.43,26.57,9.0,22.58,31.98,17.67,41.23,65.51,8.33,30.64
2009-05-27,101.97,92.14,9.39,16.88,31.0,8.68,25.62,9.11,22.79,32.4,17.29,41.41,65.46,8.51,31.22
2009-06-03,100.95,90.43,9.43,17.46,32.2,9.11,26.58,9.2,22.87,32.85,17.74,42.32,66.88,8.77,31.52
2009-06-10,100.59,89.49,9.63,18.16,33.3,9.47,27.09,9.39,23.74,35.59,18.01,44.09,70.55,9.03,34.53
2009-06-17,100.32,88.6,9.38,18.43,34.21,9.49,27.83,9.58,23.34,33.74,18.4,44.33,70.08,9.08,32.54
2009-06-24,100.87,88.64,9.17,17.98,31.31,8.82,28.12,9.33,23.3,32.36,17.96,43.18,70.71,8.81,31.14
2009-07-01,101.92,90.6,9.24,18.19,30.61,9.05,27.84,9.52,23.11,31.85,17.91,43.38,72.15,8.88,30.59
2009-07-08,102.01,90.66,9.14,17.83,29.76,8.86,27.44,9.33,22.89,31.25,17.32,42.45,70.39,8.89,29.88
2009-07-15,102.53,91.59,8.96,17.46,28.68,8.89,26.94,9.29,23.0,29.93,16.84,41.79,69.62,8.71,28.61
2009-07-22,102.17,90.58,9.2,18.82,30.59,9.48,28.15,9.27,23.91,32.92,17.36,44.49,71.79,9.2,31.48
2009-07-29,102.39,89.89,9.34,19.77,32.27,9.94,29.1,9.62,24.31,34.3,18.21,46.23,76.54,9.7,32.93
2009-08-05,102.58,90.26,9.17,19.77,31.84,10.43,29.31,9.82,24.57,35.82,18.18,46.46,79.44,9.68,34.38
2009-08-12,102.2,89.17,9.46,19.59,32.06,10.29,28.65,9.95,24.18,39.6,17.86,46.42,76.55,9.99,38.0
2009-08-19,102.95,90.22,9.37,19.9,32.17,10.25,29.04,10.05,24.43,39.87,17.83,47.2,77.15,9.95,38.6
2009-08-26,103.6,91.38,9.24,19.8,32.03,10.14,29.15,10.04,24.47,39.24,17.52,46.95,77.18,9.72,37.76
2009-09-02,103.66,91.12,9.32,20.21,32.99,10.47,29.55,10.25,24.87,40.82,18.03,47.82,79.22,9.81,39.55
2009-09-09,103.87,91.75,9.75,19.74,32.0,10.38,28.78,10.07,24.66,38.42,17.42,46.86,77.54,9.73,37.15
2009-09-16,104.25,91.75,9.78,20.67,34.02,10.82,28.95,10.3,25.22,41.52,18.46,48.76,80.48,10.08,40.24
2009-09-23,104.5,91.67,9.95,20.84,34.95,10.78,29.85,10.12,25.25,44.8,18.59,49.69,82.37,10.25,43.54
2009-09-30,104.48,91.81,9.76,20.71,33.98,10.56,29.28,10.1,25.24,42.09,18.56,48.98,80.78,10.2,40.72
2009-10-07,104.82,92.81,9.8,20.25,33.16,10.49,28.83,9.69,25.23,40.86,18.31,48.11,78.84,10.11,39.59
2009-10-14,104.89,92.71,10.37,20.88,35.19,10.79,29.07,9.95,25.86,42.21,18.51,49.75,79.13,10.62,41.02
2009-10-21,104.25,91.37,10.3,21.32,37.04,11.13,29.59,9.98,26.23,43.12,18.6,51.0,81.29,10.88,41.86
2009-10-28,104.47,91.66,10.4,21.39,37.32,11.01,29.92,9.92,26.33,42.73,18.35,51.01,78.02,10.94,41.41
2009-11-04,104.41,91.31,10.28,21.17,36.02,10.82,28.93,9.67,26.24,41.34,17.77,49.84,74.3,10.73,40.3
2009-11-11,104.28,90.54,10.7,21.22,35.9,10.81,28.95,9.68,26.13,41.29,17.61,50.22,76.55,10.84,40.2
2009-11-18,104.79,91.21,10.83,21.7,36.04,11.19,29.1,9.49,26.54,42.62,17.95,51.27,78.3,10.87,41.52
2009-11-25,105.13,91.85,11.24,21.8,36.4,11.28,29.12,9.24,26.85,43.38,18.27,51.58,77.86,10.9,42.13
2009-12-02,105.65,92.91,11.52,21.71,36.06,11.34,29.51,9.37,26.88,41.85,18.66,51.47,78.35,10.85,40.68
2009-12-09,105.03,91.72,11.88,22.08,36.11,11.56,30.83,9.99,26.91,44.25,19.18,51.85,79.45,10.99,43.03
2009-12-16,104.87,91.12,11.09,22.29,35.24,11.54,31.28,9.89,26.85,44.19,19.65,52.03,78.87,10.8,42.86
2009-12-23,104.75,91.18,10.75,22.08,35.24,11.48,31.45,9.89,26.54,45.26,19.59,51.98,78.29,10.68,43.95
2009-12-30,103.87,89.04,10.84,23.01,35.97,11.35,31.48,9.93,26.68,47.26,20.19,53.62,82.06,10.62,45.92
2010-01-06,103.19,88.6,10.74,22.93,35.68,11.49,31.02,9.74,26.47,45.92,20.02,53.06,81.83,10.62,44.74
2010-01-13,103.6,88.85,11.09,22.89,37.19,11.78,30.75,10.0,26.66,46.31,20.26,54.19,83.06,11.11,44.9
2010-01-20,104.07,89.65,11.21,22.98,37.06,11.75,31.11,10.49,26.9,46.13,19.66,54.52,85.11,11.22,44.93
2010-01-27,104.4,90.53,10.75,22.44,35.42,11.22,30.49,10.28,26.35,44.83,19.07,53.14,83.69,10.98,43.7
2010-02-03,104.41,90.35,10.65,21.33,34.11,10.84,29.71,9.98,26.3,43.72,18.4,51.36,83.19,10.53,42.51
2010-02-10,104.36,90.55,10.44,20.86,32.97,10.57,28.97,9.84,26.05,42.77,18.0,50.22,82.3,10.35,41.33
2010-02-17,104.0,89.91,10.72,21.32,33.88,10.95,28.92,9.86,26.44,42.85,18.24,51.32,83.67,10.46,41.51
2010-02-24,103.92,89.52,11.0,21.88,34.65,11.06,29.35,9.92,27.06,45.42,18.84,52.77,85.27,10.66,44.23
2010-03-03,104.51,90.56,10.83,21.66,33.75,10.98,29.37,9.88,27.16,45.91,18.66,52.49,85.04,10.65,44.65
2010-03-10,104.59,90.67,11.1,22.04,34.59,11.07,29.66,10.04,27.42,46.38,19.06,53.61,87.75,10.97,45.19
2010-03-17,104.51,90.0,10.86,22.77,35.59,11.44,30.03,10.2,27.46,48.69,19.75,54.9,90.85,11.45,47.7
2010-03-24,104.83,90.36,11.04,23.0,35.7,11.63,30.26,10.32,27.97,50.59,20.13,55.57,91.51,11.28,49.59
2010-03-31,104.05,89.12,10.68,23.11,34.45,11.36,29.38,10.22,27.89,50.29,19.93,55.4,91.67,11.3,49.55
2010-04-07,103.84,89.06,11.03,23.06,36.09,11.75,30.07,10.6,28.11,50.01,20.29,55.86,92.6,11.82,49.06
2010-04-14,103.67,88.97,11.27,23.3,36.4,11.8,30.02,10.61,27.89,50.98,20.36,56.36,92.04,11.97,50.22
2010-04-21,104.26,89.39,11.37,24.05,37.06,12.29,30.18,10.7,28.03,51.36,20.7,57.61,92.7,12.09,50.51
2010-04-28,104.37,89.83,11.19,24.02,36.67,12.12,30.37,10.39,28.1,52.99,20.57,57.54,89.99,11.99,52.08
2010-05-05,104.44,90.17,11.44,23.89,36.3,12.18,30.32,10.42,27.79,54.66,20.61,57.42,91.87,12.09,53.98
2010-05-12,104.87,92.17,11.85,22.24,32.56,11.04,29.26,10.02,26.92,50.46,19.45,53.5,86.3,11.44,49.96
2010-05-19,104.83,91.35,12.07,22.85,33.95,11.63,30.18,10.0,27.53,53.09,20.2,54.88,86.87,12.06,52.65
2010-05-26,105.45,93.39,11.59,21.31,31.0,10.82,28.49,9.66,26.52,47.24,19.07,50.85,80.87,11.16,46.77
2010-06-02,105.6,92.68,11.88,21.82,32.33,11.15,28.73,9.67,26.48,50.71,19.79,52.33,81.56,11.2,50.15
2010-06-09,105.4,92.3,11.8,22.13,32.17,11.16,28.98,9.51,26.78,49.93,19.75,52.57,83.47,11.28,49.29
2010-06-16,105.6,92.81,11.9,21.55,31.79,11.2,29.2,9.44,26.69,50.05,19.53,51.54,80.35,11.36,49.41
2010-06-23,106.22,93.73,12.2,22.41,32.79,11.52,30.37,9.67,26.95,51.98,20.07,53.12,83.02,11.53,51.39
2010-06-30,106.57,94.3,12.14,21.5,30.8,11.32,28.71,9.5,26.15,48.59,19.25,50.94,80.61,11.59,47.95
2010-07-07,106.88,95.38,11.71,20.32,29.31,11.29,28.13,9.23,25.55,47.12,18.69,48.6,76.06,11.5,46.33
2010-07-14,106.9,94.91,11.74,21.28,31.1,11.77,29.6,9.66,26.48,47.99,19.33,50.61,78.34,11.9,47.17
2010-07-21,107.1,95.31,11.83,22.0,31.84,11.98,30.21,9.59,26.9,49.47,19.56,51.98,80.23,11.91,48.64
2010-07-28,107.62,95.79,11.69,22.04,31.9,12.03,30.43,9.44,26.9,50.12,19.84,52.09,79.01,11.98,49.31
2010-08-04,107.67,95.73,11.43,22.01,32.18,12.21,30.52,9.71,26.91,51.47,20.3,52.2,79.68,12.11,50.65
2010-08-11,107.42,96.25,11.7,22.34,33.49,12.43,30.93,9.77,27.03,52.45,20.67,53.48,83.58,12.37,51.86
2010-08-18,107.74,97.65,11.89,21.37,31.76,11.9,30.59,9.45,26.81,50.54,20.1,51.42,82.29,12.07,49.78
2010-08-25,108.45,98.62,12.04,21.4,31.46,12.03,30.39,9.6,26.73,50.42,20.14,51.29,80.69,12.68,49.63
2010-09-01,108.73,99.21,12.1,20.79,30.39,12.01,30.56,9.4,26.52,50.18,19.92,49.83,78.74,12.79,49.49
2010-09-08,108.27,97.89,12.24,21.41,31.97,12.53,31.48,9.61,27.12,53.25,20.62,51.8,81.84,13.35,52.6
2010-09-15,107.73,97.06,12.17,21.73,32.21,12.69,31.62,9.73,27.39,52.83,20.98,52.49,83.79,13.4,52.05
2010-09-22,107.75,97.05,12.48,22.49,32.67,12.91,31.22,9.78,27.82,53.84,21.13,53.79,85.31,13.67,53.17
2010-09-29,108.54,98.77,12.64,22.68,32.63,12.95,30.96,9.74,27.67,52.12,21.36,54.23,86.16,13.55,51.79
2010-10-06,108.65,99.01,12.8,23.02,33.86,13.22,31.38,9.88,27.88,52.88,21.79,54.98,86.24,13.74,52.08
2010-10-13,108.6,99.94,13.05,23.18,34.84,13.53,31.75,10.18,28.13,54.25,21.89,55.52,86.92,13.83,53.52
2010-10-20,108.24,99.22,13.5,23.69,35.46,13.8,31.8,10.22,28.54,55.08,21.93,56.66,88.12,14.04,54.46
2010-10-27,108.45,98.99,12.97,24.04,35.01,13.71,32.08,10.07,28.71,56.03,21.86,57.16,88.09,13.91,55.54
2010-11-03,108.32,98.33,13.14,24.31,35.22,13.53,31.67,10.06,28.67,54.92,21.99,57.72,89.44,13.99,54.54
2010-11-10,108.92,99.82,13.61,25.12,37.24,14.29,32.06,10.25,29.26,57.05,22.61,59.68,89.13,14.4,56.68
2010-11-17,107.94,98.85,13.77,24.68,37.62,14.34,31.6,10.33,28.85,55.48,22.5,59.44,88.23,14.13,54.91
2010-11-24,107.18,96.98,13.23,24.24,36.76,13.94,31.25,10.48,28.79,53.48,22.21,58.6,88.32,13.96,52.9
2010-12-01,107.37,97.27,13.29,24.25,36.06,13.32,30.86,10.27,28.5,54.33,22.19,58.86,89.02,13.7,53.81
2010-12-08,106.05,95.89,13.53,24.75,37.36,13.88,31.21,10.58,28.8,55.24,22.48,60.31,88.93,14.01,54.68
2010-12-15,105.5,94.29,13.56,25.07,37.73,13.8,31.0,10.6,29.09,54.11,22.91,60.63,89.96,14.13,53.61
2010-12-22,104.8,92.97,13.41,25.12,38.01,13.49,31.36,10.75,29.57,53.79,23.17,61.09,93.04,14.03,53.1
2010-12-29,105.32,93.37,13.49,25.21,38.45,13.24,31.36,10.75,29.4,55.05,23.19,61.6,94.67,13.98,54.92
2011-01-05,105.32,93.35,13.72,25.22,38.87,13.78,31.33,10.87,29.3,56.03,23.33,61.49,93.98,14.26,55.48
2011-01-12,105.17,93.22,13.41,25.87,38.87,13.9,31.47,10.94,29.18,55.75,23.57,62.04,95.09,14.72,55.0
2011-01-19,105.95,94.15,13.42,25.94,39.96,13.97,31.59,11.15,29.33,56.02,23.32,62.71,96.07,14.91,55.3
2011-01-26,105.28,93.17,13.13,25.87,40.02,13.71,31.98,11.06,29.44,56.13,22.7,62.4,94.89,14.74,55.42
2011-02-02,105.71,93.74,12.82,26.44,40.83,13.95,32.08,11.11,29.26,58.19,23.39,63.34,95.76,14.46,57.37
2011-02-09,104.61,92.38,13.24,26.54,42.19,13.81,32.01,11.35,29.13,58.34,23.35,63.52,93.93,14.42,57.47
2011-02-16,103.89,91.38,13.32,26.76,41.7,13.41,32.06,11.32,29.42,58.99,23.75,64.33,93.92,14.22,58.14
2011-02-23,104.73,92.23,13.53,27.01,42.99,13.35,31.86,11.61,29.72,59.39,23.72,65.24,95.55,14.27,58.5
2011-03-02,105.17,93.11,13.68,26.12,42.97,12.9,31.59,11.28,29.4,58.3,22.79,63.24,92.67,14.0,57.29
2011-03-09,104.74,92.14,13.84,26.63,44.23,13.26,32.2,11.52,29.71,59.32,22.99,64.55,96.04,14.34,58.38
2011-03-16,105.61,93.68,13.81,25.7,41.64,13.2,32.48,10.99,29.71,58.27,22.94,62.65,95.06,14.27,57.26
2011-03-23,105.96,94.52,13.72,24.96,42.13,12.67,31.03,10.1,28.98,57.78,22.7,61.58,93.53,14.04,56.56
2011-03-30,105.34,93.38,13.94,25.84,43.67,13.4,31.41,10.59,29.69,58.23,23.17,63.56,96.35,14.54,56.98
2011-04-06,105.13,93.01,14.01,26.07,44.42,13.67,31.9,10.31,29.94,59.4,23.82,64.3,100.16,14.77,58.49
2011-04-13,104.76,92.31,14.27,26.08,44.72,13.92,32.07,9.79,30.34,58.9,23.79,64.54,102.18,15.0,57.96
2011-04-20,105.07,92.73,14.41,25.78,43.28,14.07,31.73,10.06,30.71,58.97,23.96,63.81,103.71,14.7,58.22
2011-04-27,105.76,93.46,14.71,26.35,44.51,14.38,32.24,10.23,30.9,60.63,24.07,65.2,105.07,14.85,59.99
2011-05-04,106.39,94.28,15.01,26.76,44.9,14.37,33.09,10.51,31.43,62.52,24.66,66.14,108.95,15.0,62.21
2011-05-11,106.67,95.16,14.38,26.42,41.91,13.71,33.09,10.44,31.36,61.3,24.49,64.94,105.01,14.53,61.0
2011-05-18,106.62,95.02,14.69,26.79,41.75,14.1,34.07,10.46,32.15,61.37,25.23,65.89,109.5,14.89,61.18
2011-05-25,106.89,95.45,14.6,26.33,41.88,14.22,34.17,10.12,32.42,61.69,25.09,65.48,107.93,14.85,61.45
2011-06-01,107.33,96.45,14.86,25.97,42.35,13.86,33.62,10.09,31.91,61.61,25.45,64.9,107.74,14.76,61.35
2011-06-08,107.22,96.55,14.99,25.93,42.1,14.08,33.39,10.14,31.6,60.72,25.33,64.41,107.87,15.01,60.44
2011-06-15,107.49,96.88,15.09,25.12,41.8,13.91,33.19,10.11,31.26,59.88,24.42,63.05,105.31,15.02,59.6
2011-06-22,107.39,97.52,14.93,24.58,40.2,13.29,33.1,9.97,31.16,58.95,24.05,61.63,102.31,14.86,58.73
2011-06-29,107.73,97.64,14.87,24.96,39.92,13.31,32.69,10.06,30.86,59.38,24.56,62.85,104.1,14.89,59.07
2011-07-06,106.67,95.86,14.64,25.7,41.75,13.73,33.48,10.43,31.23,60.3,24.9,64.69,106.66,15.28,60.1
2011-07-13,106.57,95.79,14.96,26.59,42.7,13.93,33.88,10.67,31.84,62.92,25.47,66.77,109.45,15.46,62.84
2011-07-20,107.44,97.29,15.5,25.64,41.22,13.7,33.31,10.58,31.27,60.53,24.48,64.42,107.59,15.14,60.7
2011-07-27,107.32,96.98,15.53,26.49,43.25,14.2,34.03,10.88,31.8,62.55,24.51,66.43,108.62,15.17,62.87
2011-08-03,107.52,97.48,15.77,26.01,42.02,14.35,33.54,10.65,31.03,60.4,23.56,64.59,103.42,15.12,61.03
2011-08-10,109.27,101.09,16.11,24.48,37.34,13.49,31.68,9.86,29.49,54.74,21.73,59.51,91.32,14.57,54.9
2011-08-17,108.76,101.93,17.12,23.91,36.32,12.67,31.89,9.9,29.25,54.74,21.15,58.31,88.82,14.25,54.8
2011-08-24,110.0,103.99,17.82,23.1,35.48,12.38,32.63,9.53,29.68,54.12,21.14,56.47,88.38,14.33,54.25
2011-08-31,109.23,103.01,17.27,23.35,35.65,12.33,33.03,9.39,29.89,53.86,21.37,57.34,90.09,13.99,54.27
2011-09-07,109.62,103.59,17.83,24.22,37.4,12.86,33.67,9.76,30.78,56.26,22.17,60.03,94.75,14.1,56.78
2011-09-14,110.01,104.65,18.23,23.97,36.63,12.7,33.49,9.44,30.67,56.21,21.6,59.43,96.79,14.06,56.87
2011-09-21,109.68,103.75,17.47,24.82,36.76,12.3,33.95,9.65,30.85,56.29,21.87,60.72,97.85,13.4,56.64
2011-09-28,110.8,106.41,16.97,23.74,32.78,11.07,33.06,9.3,29.44,51.43,20.43,56.82,94.12,12.1,51.68
2011-10-05,109.7,104.41,15.81,24.2,33.88,11.37,33.94,9.71,29.97,51.88,20.74,57.43,94.11,12.45,52.26
2011-10-12,109.45,104.12,16.09,24.4,34.62,11.09,33.23,9.43,29.9,51.0,20.41,57.91,96.0,12.71,51.32
2011-10-19,109.12,102.89,16.28,25.55,36.15,11.7,33.6,9.6,30.63,51.46,20.99,60.17,96.98,13.27,51.84
2011-10-26,109.35,102.89,15.82,25.24,37.4,11.56,34.33,9.49,31.02,52.8,21.02,60.3,95.87,13.31,53.4
2011-11-02,109.35,101.7,17.03,26.39,40.1,12.73,35.3,9.94,31.59,57.47,21.63,63.69,99.82,14.07,58.68
2011-11-09,110.03,103.8,17.21,26.18,39.31,12.24,35.18,9.38,31.17,57.07,21.36,62.96,97.53,13.75,58.14
2011-11-16,109.92,104.17,17.17,25.67,38.8,11.7,34.9,9.22,31.12,54.93,20.98,61.8,93.5,13.54,55.75
2011-11-23,109.64,104.79,16.75,25.41,37.86,11.46,34.4,9.12,30.97,54.18,20.55,60.91,92.98,13.2,55.04
2011-11-30,109.63,104.7,16.39,24.01,35.13,10.85,33.43,8.84,30.37,51.6,19.59,58.08,95.63,12.96,52.35
2011-12-07,108.84,103.66,17.02,25.76,38.67,11.69,35.11,9.3,31.85,54.63,20.93,62.44,102.41,13.84,55.47
2011-12-14,109.45,104.8,16.65,25.66,37.95,11.23,34.55,9.19,31.68,54.4,20.52,61.57,99.88,13.38,55.13
2011-12-21,109.68,105.27,15.28,25.01,36.76,10.92,35.03,9.07,31.81,54.99,20.52,60.19,99.68,13.25,55.93
2011-12-28,109.9,104.97,15.64,25.27,37.9,11.02,35.58,9.01,32.34,56.89,20.85,61.73,103.22,13.29,58.57
2012-01-04,110.39,105.2,15.07,25.53,38.02,10.93,36.24,9.04,32.64,57.1,20.92,61.99,103.96,13.34,58.25
2012-01-11,110.03,104.59,15.81,25.96,38.91,11.18,35.19,9.17,32.37,56.93,20.92,62.98,106.35,13.59,58.03
2012-01-18,110.3,105.2,16.08,26.21,38.55,11.4,34.94,9.13,32.17,57.43,21.49,63.76,112.31,13.73,58.26
2012-01-25,110.26,104.81,16.16,26.77,39.46,11.85,34.56,9.33,32.39,58.73,21.64,65.04,113.81,13.89,59.51
2012-02-01,110.36,105.4,16.77,26.9,39.87,12.23,35.16,9.5,32.44,60.63,21.28,65.61,114.71,14.09,61.84
2012-02-08,110.56,105.23,17.15,27.73,40.38,12.73,34.83,9.68,32.53,62.04,21.98,67.3,119.21,14.59,62.45
2012-02-15,110.26,104.65,16.85,28.24,40.84,12.83,34.87,9.75,32.68,61.26,22.08,67.81,119.44,14.6,62.61
2012-02-22,110.48,104.99,16.85,28.5,41.13,12.74,35.07,9.94,33.04,61.03,22.31,68.32,121.5,14.39,62.31
2012-02-29,110.57,105.06,17.36,28.65,41.87,12.85,34.93,10.05,32.95,60.58,22.61,68.63,119.32,14.54,61.62
2012-03-07,110.26,104.61,16.72,29.12,42.05,13.0,34.98,10.05,33.18,60.46,22.28,69.3,120.43,14.77,61.36
2012-03-14,110.21,104.75,16.57,29.04,41.03,12.76,35.02,10.04,33.33,60.23,22.22,69.0,119.25,14.77,61.08
2012-03-21,109.27,102.67,16.17,30.0,40.69,12.85,35.13,10.04,33.8,61.83,22.57,70.68,121.07,14.56,62.82
2012-03-28,109.46,102.71,16.01,29.99,39.69,12.6,34.6,10.0,33.68,61.54,22.59,70.41,121.25,14.34,62.57
2012-04-04,110.01,103.79,16.19,30.25,39.45,12.77,34.84,10.13,33.86,61.79,22.24,70.82,122.79,14.41,63.13
2012-04-11,109.63,103.57,15.88,30.16,38.8,12.67,34.9,9.84,34.05,61.51,22.07,70.94,123.76,14.61,62.91
2012-04-18,110.02,104.5,16.32,30.08,38.48,12.76,34.42,9.82,33.64,61.34,21.94,70.5,119.8,14.76,62.56
2012-04-25,110.46,105.32,15.99,29.39,38.19,12.81,34.68,9.71,34.0,61.87,21.52,69.78,120.85,14.5,63.23
2012-05-02,110.65,105.49,16.15,30.04,39.08,13.02,35.49,9.79,34.32,63.69,21.79,70.86,124.84,14.5,65.19
2012-05-09,110.56,105.52,15.96,29.66,38.63,12.98,35.52,9.51,34.35,64.15,21.9,70.39,124.24,14.54,65.85
2012-05-16,110.71,106.09,15.52,28.67,37.09,12.61,35.91,9.36,34.12,63.75,21.51,68.38,124.77,14.49,65.45
2012-05-23,111.03,107.42,15.33,27.72,35.13,11.86,35.49,9.02,33.72,60.44,20.9,65.67,122.33,13.69,61.85
2012-05-30,110.75,106.89,15.19,27.93,35.46,11.71,35.66,8.86,33.92,61.63,20.97,66.9,124.79,13.71,62.93
2012-06-06,111.56,108.55,15.21,27.94,34.72,11.65,35.86,8.89,33.76,61.22,21.21,66.31,123.21,13.88,62.52
2012-06-13,110.93,107.87,15.5,28.02,35.48,11.74,36.74,8.94,33.8,61.41,21.27,66.31,122.1,13.98,62.74
2012-06-20,111.12,107.94,15.83,28.18,35.46,11.8,37.09,8.95,34.51,62.05,22.03,66.56,123.64,13.85,63.38
2012-06-27,111.2,108.05,15.25,28.19,34.62,11.75,36.25,9.0,33.82,61.63,21.79,66.52,126.59,13.8,63.48
2012-07-04,111.45,108.43,15.16,27.95,34.99,11.97,36.78,9.22,34.13,62.52,22.08,66.16,126.55,13.92,63.8
2012-07-11,111.5,108.29,15.63,29.12,36.49,12.59,36.91,9.38,35.0,64.68,22.79,68.71,133.51,14.2,66.13
2012-07-18,112.04,109.17,15.3,27.9,35.58,12.54,37.01,9.07,34.94,64.51,22.61,66.66,130.63,14.15,65.92
2012-07-25,112.26,108.99,15.39,29.09,37.14,13.02,37.59,9.18,35.25,64.95,22.99,68.98,134.12,14.59,66.4
2012-08-01,112.63,109.53,15.73,28.51,36.86,13.05,37.65,8.89,35.21,64.6,23.03,67.9,134.61,14.41,65.9
2012-08-08,112.26,108.98,15.47,29.01,36.79,13.07,37.42,8.92,35.16,65.31,23.63,68.24,131.01,14.35,66.61
2012-08-15,111.69,107.68,15.76,30.06,38.79,13.27,37.43,9.22,35.64,64.34,24.04,70.33,132.81,14.61,65.61
2012-08-22,111.1,106.59,15.71,30.58,39.12,13.31,37.19,9.27,35.87,65.1,24.44,71.39,133.7,14.66,66.31
2012-08-29,111.9,107.89,16.25,30.38,38.52,13.14,36.45,9.3,35.28,64.77,23.85,70.93,134.16,14.67,66.04
2012-09-05,112.02,108.29,16.12,30.25,38.14,12.91,36.39,9.05,35.45,65.37,24.04,70.8,135.34,14.45,66.52
2012-09-12,111.87,107.81,16.55,31.12,38.91,13.15,36.74,8.95,36.03,66.41,24.75,72.48,140.93,14.36,67.68
2012-09-19,111.83,107.58,17.21,31.43,40.68,13.61,36.82,9.38,36.05,67.48,25.49,73.66,140.48,14.78,68.38
2012-09-26,111.77,107.37,17.22,31.6,40.13,13.6,36.4,9.31,36.38,65.81,25.83,73.85,143.93,14.67,66.53
2012-10-03,112.29,108.46,17.3,31.04,39.79,13.52,36.23,9.35,35.95,64.53,25.75,72.75,142.36,14.6,65.07
2012-10-10,112.13,108.13,17.44,31.05,39.65,13.57,36.8,9.17,36.39,64.44,25.6,73.32,146.82,14.97,65.09
2012-10-17,112.23,108.13,17.21,29.94,39.37,13.25,36.71,8.95,35.82,64.23,25.3,71.57,142.64,14.87,65.0
2012-10-24,111.81,106.79,16.95,29.96,40.36,13.56,37.39,9.25,36.14,65.42,25.4,72.43,143.74,15.06,66.09
2012-10-31,111.73,106.77,16.67,28.94,38.84,13.43,36.58,9.17,35.47,63.65,24.33,70.14,136.5,15.07,64.32
2012-11-07,111.8,107.53,16.68,29.34,39.16,13.35,36.51,9.15,35.41,64.07,24.5,71.02,134.05,15.19,64.69
2012-11-14,112.15,108.77,16.88,28.11,37.53,13.03,34.87,8.95,34.59,63.19,23.42,68.72,128.41,14.76,63.93
2012-11-21,112.17,108.96,16.67,27.62,36.91,12.75,34.07,8.9,34.18,61.15,22.89,67.82,128.56,14.66,62.06
2012-11-28,111.96,108.14,17.03,28.85,38.43,13.12,34.09,9.29,35.67,63.33,23.56,70.91,138.22,14.76,64.04
2012-12-05,112.31,108.82,16.79,29.16,38.25,13.45,34.95,9.36,35.91,63.38,23.86,71.59,139.87,14.66,64.08
2012-12-12,111.76,108.96,16.52,28.92,38.24,13.57,35.43,9.34,35.93,64.12,23.87,71.1,137.73,14.72,64.97
2012-12-19,111.15,107.87,16.5,28.97,38.48,13.83,35.35,9.34,36.02,63.99,24.27,71.2,138.93,14.84,64.66
2012-12-26,111.02,107.34,16.05,29.37,38.72,13.65,35.84,9.8,35.87,64.82,24.5,72.27,139.08,14.95,66.43
2013-01-02,111.11,107.81,16.2,28.68,38.13,13.59,34.8,9.74,34.82,64.47,24.11,70.6,136.21,14.85,65.54
2013-01-09,110.67,106.45,16.19,29.62,38.92,13.77,35.56,9.9,35.71,65.72,24.69,72.83,141.77,15.2,66.61
2013-01-16,110.74,106.57,16.27,29.55,39.19,13.83,35.36,9.85,35.76,66.5,24.84,73.45,146.64,15.31,67.2
2013-01-23,110.8,106.78,16.41,29.43,39.63,13.66,35.4,9.83,36.33,66.98,24.3,73.81,144.52,15.38,67.8
2013-01-30,110.84,107.04,16.22,29.27,40.25,13.72,36.05,9.8,36.58,67.81,24.82,74.35,144.69,14.72,68.56
2013-02-06,110.39,106.1,16.2,29.4,40.39,13.77,36.58,9.97,36.87,67.27,24.97,74.31,145.58,14.45,68.26
2013-02-13,110.25,106.2,16.26,29.67,39.79,13.69,36.69,10.08,37.51,67.29,24.98,74.97,145.2,14.31,68.29
2013-02-20,110.24,106.14,15.9,29.8,40.05,13.89,36.64,9.94,37.56,68.13,24.2,75.41,146.05,14.53,69.21
2013-02-27,110.25,106.31,15.33,29.33,39.16,13.74,36.81,9.97,38.04,67.57,24.02,74.23,143.74,14.18,68.82
2013-03-06,110.83,107.16,15.37,29.63,39.42,13.66,37.43,10.21,38.09,68.12,23.87,74.93,147.79,14.62,69.09
2013-03-13,110.14,106.19,15.34,30.23,39.88,13.74,37.89,10.42,38.55,68.78,24.09,76.51,154.37,14.78,69.85
2013-03-20,110.11,105.93,15.45,30.44,40.41,13.71,38.21,10.54,38.85,69.23,24.45,77.37,156.97,14.52,70.28
2013-03-27,110.37,106.85,15.69,29.98,39.59,13.6,38.11,10.73,38.94,68.75,24.2,76.53,154.99,14.42,69.72
2013-04-03,110.73,107.34,15.52,30.27,39.93,13.96,39.1,10.8,39.77,69.48,24.3,77.51,159.93,14.97,70.53
2013-04-10,110.88,108.15,15.1,29.96,39.16,13.92,39.4,10.9,39.95,70.53,24.53,76.89,160.18,15.14,71.86
2013-04-17,110.84,107.85,15.18,30.5,39.89,13.99,40.16,11.34,40.56,72.18,25.83,78.59,167.43,15.68,73.72
2013-04-24,111.23,108.64,13.49,29.31,37.85,13.88,40.13,11.22,40.38,71.04,25.67,75.75,164.95,15.51,72.68
2013-05-01,111.26,108.5,14.23,30.05,39.35,14.17,40.92,11.57,40.9,72.52,26.81,77.91,173.14,15.63,74.02
2013-05-08,111.4,109.05,14.26,30.92,39.83,14.55,40.97,11.62,41.05,73.24,26.56,79.01,173.99,15.68,75.17
2013-05-15,110.7,107.94,14.15,31.5,40.83,14.69,39.74,11.76,41.0,73.82,26.81,80.75,174.89,16.5,75.82
2013-05-22,110.58,107.5,13.48,31.88,40.55,14.48,39.94,11.92,41.88,74.76,27.25,81.57,180.23,16.49,77.1
2013-05-29,109.88,106.38,13.53,31.74,41.0,14.14,39.25,11.62,41.31,72.64,26.97,81.2,181.27,16.45,74.82
2013-06-05,109.32,105.61,13.73,31.96,41.04,13.81,37.91,11.09,40.81,69.54,26.43,81.16,183.23,16.23,71.74
2013-06-12,108.95,105.7,13.73,31.44,40.01,13.4,37.74,10.59,40.18,68.59,26.22,79.39,175.18,16.15,70.73
2013-06-19,108.75,105.2,13.45,31.62,40.26,13.22,37.94,11.21,40.8,67.94,26.42,79.94,176.83,15.93,69.92
2013-06-26,107.21,103.12,12.42,30.85,38.7,12.44,36.44,10.74,39.17,63.67,25.17,77.74,167.92,15.0,65.72
2013-07-03,107.2,102.62,11.65,30.72,38.46,12.74,37.54,11.13,39.92,66.72,25.8,78.49,174.39,15.49,69.15
2013-07-10,105.84,100.52,11.87,31.18,38.73,12.55,36.9,11.6,40.03,65.86,26.13,79.81,182.22,15.32,68.83
2013-07-17,106.93,101.93,12.49,31.91,39.98,13.4,38.52,11.88,41.42,68.81,26.95,81.91,188.37,15.86,71.6
2013-07-24,107.24,102.19,12.46,31.99,40.47,13.17,39.38,12.04,41.56,69.29,28.4,82.34,191.94,15.65,72.38
2013-07-31,107.29,102.08,12.94,31.64,40.92,13.43,39.21,11.65,41.58,67.96,28.37,82.56,195.45,15.81,71.17
2013-08-07,106.49,100.96,12.73,32.07,40.6,13.44,39.59,11.53,41.73,66.22,28.06,83.61,200.61,15.29,69.07
2013-08-14,107.08,102.05,12.75,32.14,40.34,13.52,39.41,11.48,41.75,65.45,27.96,83.25,195.64,15.23,68.29
2013-08-21,106.13,100.53,13.24,31.85,40.08,13.25,37.98,11.35,40.53,63.27,27.35,81.66,188.85,15.16,65.97
2013-08-28,105.55,99.58,13.36,31.84,39.8,12.61,37.35,11.13,39.98,62.62,26.95,82.02,193.29,14.36,65.18
2013-09-04,106.38,100.6,13.67,31.55,40.21,12.42,37.27,11.09,39.39,62.72,27.04,81.35,195.78,14.16,65.05
2013-09-11,104.89,98.6,13.3,31.75,40.72,12.5,36.72,11.28,39.67,61.63,26.95,82.53,201.92,14.45,63.81
2013-09-18,105.54,99.45,12.85,32.22,41.15,12.98,36.93,11.54,40.39,63.94,27.64,84.27,206.15,14.99,66.2
2013-09-25,106.77,100.89,13.24,32.8,41.75,13.66,38.47,12.0,41.53,66.67,27.87,86.23,211.33,15.92,69.22
2013-10-02,107.23,101.8,12.84,32.44,41.43,13.48,37.65,12.11,40.48,64.68,27.86,85.33,210.16,15.42,67.13
2013-10-09,107.15,102.04,12.78,32.05,40.95,13.29,37.08,11.72,39.75,63.8,27.62,84.48,210.16,15.41,66.03
2013-10-16,107.03,101.4,12.49,32.18,41.13,13.57,37.94,11.92,40.45,64.61,27.85,84.67,201.47,15.81,67.16
2013-10-23,107.58,102.3,12.81,32.68,42.23,13.74,38.33,12.07,41.43,67.2,28.86,86.74,208.37,16.09,69.93
2013-10-30,107.97,102.92,13.07,33.33,42.42,13.84,38.79,12.02,41.92,67.52,29.09,88.2,211.3,16.1,70.19
2013-11-06,107.9,102.75,12.84,33.65,42.8,13.81,38.78,11.9,42.34,66.17,29.32,88.21,205.33,15.86,69.13
2013-11-13,107.49,102.34,12.68,33.6,42.23,13.67,39.02,11.63,42.46,64.86,28.77,86.98,197.82,15.7,67.53
2013-11-20,107.33,101.96,12.5,34.22,42.84,13.68,39.14,12.04,43.28,64.68,28.68,89.37,209.47,15.74,67.29
2013-11-27,107.09,101.39,12.06,34.23,43.25,13.55,38.69,12.17,42.94,63.68,28.62,89.31,214.21,15.62,66.35
2013-12-04,107.44,101.69,12.13,34.69,42.6,13.58,38.03,12.06,43.01,63.1,28.59,90.31,224.16,15.75,65.5
2013-12-11,106.45,100.56,11.91,34.58,42.15,13.18,37.92,11.79,42.5,62.91,28.16,89.73,220.19,15.7,65.46
2013-12-18,106.6,100.51,11.9,34.31,41.9,12.92,37.57,11.89,42.34,62.01,27.85,89.18,215.72,15.76,64.2
2013-12-25,106.68,100.13,11.54,34.86,42.08,12.64,37.86,11.77,42.68,62.98,28.87,91.02,217.99,15.57,65.12
2014-01-01,106.39,99.48,11.73,35.61,42.93,12.91,37.66,11.95,42.74,63.15,29.57,92.62,227.24,15.43,64.75
2014-01-08,106.5,99.63,11.88,35.39,42.69,12.96,37.39,11.94,42.45,62.98,29.42,92.23,227.09,15.42,64.57
2014-01-15,106.56,99.78,11.92,35.25,42.45,12.86,37.68,12.0,42.34,63.7,29.19,92.3,234.48,15.38,65.23
2014-01-22,107.2,100.72,12.05,35.95,42.35,12.77,38.07,12.02,42.4,64.89,29.61,93.08,246.38,15.09,66.78
2014-01-29,107.35,101.25,12.25,35.82,42.32,12.48,38.41,11.86,41.86,65.27,29.6,92.85,252.74,14.75,67.12
2014-02-05,107.87,101.88,12.06,34.74,41.03,12.31,38.78,11.64,40.96,65.05,28.91,90.72,249.96,14.68,66.96
2014-02-12,107.65,101.79,12.2,34.63,40.51,12.28,38.67,11.26,40.55,65.43,28.22,90.23,236.79,14.94,67.4
2014-02-19,107.77,101.9,12.64,36.0,41.57,12.48,40.02,11.43,41.6,67.0,29.3,93.62,260.03,15.04,69.12
2014-02-26,107.7,101.77,12.84,36.09,42.52,12.73,40.5,11.42,41.69,67.53,29.57,94.16,265.46,15.19,69.54
2014-03-05,108.33,102.57,12.9,36.31,42.64,12.75,40.17,11.55,42.06,67.9,29.25,95.22,272.15,15.44,70.08
2014-03-12,107.77,101.69,13.09,36.53,42.82,12.76,39.87,11.72,42.54,68.82,29.31,96.11,261.14,15.63,71.1
2014-03-19,107.98,102.46,13.31,35.85,41.97,12.37,40.7,11.17,42.56,68.09,28.87,94.21,254.8,15.06,70.28
2014-03-26,107.44,101.38,12.87,36.65,42.35,12.28,40.54,10.93,42.74,67.4,30.0,95.1,258.25,15.13,69.6
2014-04-02,108.06,102.08,12.54,35.93,43.24,12.9,40.95,11.21,42.64,66.84,29.39,92.46,236.14,15.57,69.61
2014-04-09,107.44,100.96,12.47,36.62,44.26,13.16,41.24,11.4,43.09,67.87,30.23,94.31,234.71,15.54,70.85
2014-04-16,108.33,102.36,12.78,35.6,43.99,13.29,41.73,10.84,42.97,67.93,29.3,91.07,221.89,15.76,70.9
2014-04-23,108.19,101.79,12.56,36.03,45.48,13.55,42.3,11.18,43.63,68.71,29.47,92.6,222.16,15.8,71.77
2014-04-30,108.37,101.96,12.54,36.21,45.79,13.51,42.62,11.09,43.73,69.25,29.07,93.65,229.62,15.69,72.35
2014-05-07,108.55,102.41,12.46,36.49,46.4,13.64,43.39,11.22,44.2,70.26,29.59,93.89,232.5,15.92,73.25
2014-05-14,108.79,102.81,12.5,36.29,46.65,13.61,42.89,11.05,44.3,71.08,29.43,93.18,223.35,15.88,74.17
2014-05-21,109.32,103.7,12.56,36.45,46.38,13.7,42.01,11.13,44.01,70.86,29.7,93.39,228.8,15.98,73.96
2014-05-28,109.12,103.38,12.54,37.03,46.78,13.75,41.86,11.28,44.21,70.56,29.56,95.06,234.15,16.19,73.49
2014-06-04,109.57,104.06,12.17,37.78,46.77,13.9,42.46,11.56,44.69,71.32,30.04,96.77,240.96,16.14,74.35
2014-06-11,108.94,102.88,12.14,38.02,46.95,13.8,43.23,11.81,45.11,72.9,29.79,97.8,245.19,16.07,76.41
2014-06-18,108.91,103.01,12.35,37.91,47.75,13.81,42.28,11.77,44.72,71.1,29.33,97.29,247.83,16.06,74.22
2014-06-25,108.75,102.66,12.78,38.35,49.15,13.74,44.11,12.18,45.67,71.99,30.2,98.52,250.56,16.14,75.36
2014-07-02,109.39,103.5,12.75,38.11,48.43,13.6,43.74,12.01,44.58,71.42,30.07,98.48,256.38,15.98,74.45
2014-07-09,108.62,102.42,12.78,38.95,48.69,13.66,42.5,12.18,45.09,71.55,30.63,100.3,266.02,16.16,74.63
2014-07-16,109.01,103.38,12.95,38.72,47.83,13.63,43.16,11.92,45.2,72.23,30.35,98.97,255.48,16.14,75.53
2014-07-23,109.34,103.98,12.8,38.98,47.61,13.71,42.31,12.06,44.75,72.43,30.24,97.95,243.07,15.96,75.81
2014-07-30,109.12,103.5,12.53,39.77,48.56,14.13,42.78,12.09,44.97,73.14,30.45,99.93,255.45,16.09,76.56
2014-08-06,108.93,103.16,12.42,39.0,46.48,14.06,41.25,12.0,43.14,71.71,30.73,97.36,250.83,15.79,74.9
2014-08-13,109.34,104.24,12.71,38.42,45.71,13.83,40.63,11.72,43.43,71.6,29.68,96.54,248.15,15.8,74.48
2014-08-20,109.62,104.5,12.72,39.29,46.03,13.92,41.81,11.95,44.46,73.21,30.06,99.05,261.2,16.04,76.31
2014-08-27,109.58,104.39,12.37,40.1,46.98,13.92,42.58,12.01,44.95,74.31,30.14,101.23,264.45,16.17,77.37
2014-09-03,110.02,104.89,12.49,40.1,47.31,14.03,43.0,11.82,45.1,73.83,30.55,101.59,274.12,16.22,76.77
2014-09-10,109.43,103.83,12.23,40.05,46.75,13.94,43.08,11.89,45.32,74.12,30.68,101.37,270.92,16.0,77.1
2014-09-17,108.85,103.12,12.04,40.39,45.85,13.76,43.03,11.83,45.37,73.35,30.85,101.55,273.35,15.92,76.2
2014-09-24,108.5,102.56,11.86,40.6,45.55,13.55,42.54,11.79,45.6,70.91,30.91,101.77,275.07,15.51,73.55
2014-10-01,109.07,103.6,11.83,39.36,43.97,13.39,41.7,11.82,44.93,68.88,29.81,99.03,273.97,15.39,71.35
2014-10-08,109.35,103.99,11.75,39.26,42.7,13.25,42.27,11.36,44.91,69.13,29.49,98.33,268.59,15.47,71.79
2014-10-15,109.91,104.93,11.84,39.05,41.18,13.27,42.73,11.18,45.39,70.51,28.75,97.45,267.95,15.24,73.42
2014-10-22,110.67,106.41,12.0,37.21,39.52,12.87,42.75,10.89,44.09,71.04,28.41,94.17,260.98,14.65,74.58
2014-10-29,110.23,105.49,11.94,38.91,41.2,13.17,44.1,11.22,45.53,73.63,29.19,99.29,283.62,15.16,77.11
2014-11-05,110.08,105.19,11.6,39.92,41.2,13.16,45.46,11.49,46.41,74.42,30.12,101.42,296.7,15.41,78.01
2014-11-12,109.54,104.5,11.07,40.79,41.05,13.24,45.77,11.61,47.57,75.33,29.74,103.1,293.32,14.96,79.03
