"Time","Type","Expected Value","CVaR","Trading Cost","Maximum Value","Minimum Value","LQD","IEF","IAU","MDY","VDE","EZA","IDU","FXI","VDC","RWR","IYF","VO","IBB","EWM","VNQ"
"2008-02-27","risk_averse",1001361.25,1625.93,0.00,1010994.78,979232.96,213882.22,241686.68,60699.05,34867.70,37758.23,19931.27,45476.24,26545.02,151904.54,9136.20,37194.26,32233.36,19841.38,30868.89,37974.97
"2008-02-27","risk_neutral",1001361.25,1625.93,0.00,1010994.78,979232.96,213882.22,241686.68,60699.05,34867.70,37758.23,19931.27,45476.24,26545.02,151904.54,9136.20,37194.26,32233.36,19841.38,30868.89,37974.97
"2008-03-26","risk_averse",988537.80,1764.07,0.00,1010994.78,979232.96,211350.71,245373.88,59243.28,33389.20,35607.49,18820.02,44051.96,23371.91,153129.21,9498.35,35228.38,30689.84,19481.61,28189.88,39781.79
"2008-03-26","risk_neutral",994354.60,20838.27,1886.13,1308277.95,863011.01,0.00,0.00,59243.28,0.00,0.00,18820.02,0.00,899645.87,0.00,9498.35,0.00,0.00,0.00,0.00,0.00
"2008-04-23","risk_averse",1004251.56,2330.14,50.00,1019843.93,988358.44,211674.74,238699.24,55192.46,35529.02,39598.39,20300.61,47034.79,28287.85,153997.62,10344.27,36896.40,32671.14,20064.95,29613.86,43078.45
"2008-04-23","risk_neutral",1181991.55,28203.32,0.00,1539450.68,1045511.68,0.00,0.00,55192.46,0.00,0.00,20300.61,0.00,1088873.28,0.00,10344.27,0.00,0.00,0.00,0.00,0.00
"2008-05-21","risk_averse",1006941.59,1753.82,0.00,1021338.97,996080.58,210844.41,237192.06,57597.63,37293.30,42654.18,21693.72,48602.94,27085.35,154264.82,9905.09,35300.72,33781.39,19908.19,28020.94,41284.31
"2008-05-21","risk_neutral",1140676.52,34845.48,186.89,1569007.71,1087792.31,0.00,0.00,0.00,0.00,0.00,0.00,0.00,1121877.33,0.00,9905.09,0.00,0.00,0.00,0.00,0.00
"2008-06-18","risk_averse",979528.69,1930.08,50.00,992851.48,961423.68,205902.90,232024.60,56141.87,37345.26,42460.48,18894.53,48598.14,24818.08,150301.32,9644.29,32347.64,33302.99,20049.53,25921.18,40307.99
"2008-06-18","risk_neutral",1045533.57,29665.52,0.00,1414786.60,959709.92,0.00,0.00,0.00,0.00,0.00,0.00,0.00,1027967.00,0.00,9644.29,0.00,0.00,0.00,0.00,0.00
"2008-07-16","risk_averse",955945.72,1734.83,50.00,971916.21,945184.60,201204.42,235550.32,59749.63,34293.78,37511.10,18447.44,44392.44,23901.64,148275.04,8868.64,29330.74,30599.58,21426.94,24038.63,37188.84
"2008-07-16","risk_neutral",1006018.19,30660.14,0.00,1381032.15,928016.37,0.00,0.00,0.00,0.00,0.00,0.00,0.00,990007.92,0.00,8868.64,0.00,0.00,0.00,0.00,0.00
"2008-08-13","risk_averse",961212.46,2409.04,0.00,974270.09,948240.86,204728.28,238564.67,50192.22,35318.81,35580.77,17550.01,42733.18,21692.65,157137.25,9452.40,30462.61,31010.28,23210.38,23097.36,39616.96
"2008-08-13","risk_neutral",913997.36,29440.78,0.00,1258268.01,864739.07,0.00,0.00,0.00,0.00,0.00,0.00,0.00,898511.18,0.00,9452.40,0.00,0.00,0.00,0.00,0.00
"2008-09-10","risk_averse",948445.92,2171.30,0.00,959153.60,932579.47,204140.97,242413.36,46204.70,33632.47,32671.92,15998.15,41539.09,19764.41,159185.80,9442.94,30981.74,29200.48,21635.09,21118.28,39686.70
"2008-09-10","risk_neutral",832693.83,28446.73,0.00,1146591.32,773157.39,0.00,0.00,0.00,0.00,0.00,0.00,0.00,818643.52,0.00,9442.94,0.00,0.00,0.00,0.00,0.00
"2008-10-08","risk_averse",836275.96,1939.83,0.00,846744.94,824733.63,175099.49,238779.98,57597.63,23228.60,23057.03,11177.32,30926.53,13773.11,129771.27,6367.37,20628.96,28600.23,17063.43,19525.36,39997.34
"2008-10-08","risk_neutral",579632.31,20604.19,0.00,799833.82,539104.99,0.00,0.00,0.00,0.00,0.00,0.00,0.00,570483.29,0.00,6367.37,0.00,0.00,0.00,0.00,0.00
"2008-11-05","risk_averse",811027.01,3174.78,0.00,826735.57,783680.58,184030.65,239425.91,45888.22,22590.91,23277.45,10027.19,31818.50,12019.69,129036.47,5394.42,20756.62,28600.23,17608.23,17425.60,23101.97
"2008-11-05","risk_neutral",504754.33,19846.35,0.00,707064.27,379801.12,0.00,0.00,0.00,0.00,0.00,0.00,0.00,497856.38,0.00,5394.42,0.00,0.00,0.00,0.00,0.00
"2008-12-03","risk_averse",807334.20,3263.23,0.00,823744.05,770095.69,187352.00,259907.38,47850.34,20538.48,20635.78,10211.86,31775.34,13693.65,123826.02,4398.51,17914.18,17637.63,16420.98,16025.76,19044.54
"2008-12-03","risk_neutral",572976.69,24495.83,0.00,803612.71,430859.08,0.00,0.00,0.00,0.00,0.00,0.00,0.00,567192.04,0.00,4398.51,0.00,0.00,0.00,0.00,0.00
"2008-12-31","risk_averse",864934.14,3597.23,0.00,884927.77,828365.90,203756.18,261387.64,54686.11,23568.71,23795.10,12793.98,33928.54,16480.05,130617.42,5314.70,19369.44,20119.90,18520.50,18149.65,22372.90
"2008-12-31","risk_neutral",690178.08,24601.96,0.00,899825.82,432339.11,0.00,0.00,0.00,0.00,0.00,0.00,0.00,682605.20,0.00,5314.70,0.00,0.00,0.00,0.00,0.00
"2009-01-28","risk_averse",831385.23,2452.65,578.61,873061.64,802690.40,120949.63,453805.26,21998.47,0.00,4963.71,10982.93,33664.79,12999.70,122957.62,4668.77,5087.83,3592.95,18245.54,16870.49,0.00
"2009-01-28","risk_neutral",545459.76,22835.25,0.00,743701.50,367345.23,0.00,0.00,0.00,0.00,0.00,0.00,0.00,538448.46,0.00,4668.77,0.00,0.00,0.00,0.00,0.00
"2009-02-25","risk_averse",800912.97,2998.71,0.00,837976.08,772162.97,115702.62,449398.46,22833.23,0.00,4390.89,10522.88,29195.33,13142.72,110198.70,3568.81,4423.38,3209.29,16868.13,17063.57,0.00
"2009-02-25","risk_neutral",549454.46,25276.35,0.00,777823.11,392145.66,0.00,0.00,0.00,0.00,0.00,0.00,0.00,544372.71,0.00,3568.81,0.00,0.00,0.00,0.00,0.00
"2009-03-25","risk_averse",826672.86,2739.96,333.53,880253.37,803437.12,113640.43,596708.76,22563.16,0.00,4814.21,12696.79,625.50,5550.49,22244.31,3716.10,5021.52,3605.13,17505.44,17570.41,0.00
"2009-03-25","risk_neutral",666999.14,33511.13,0.00,946117.69,472598.67,0.00,0.00,0.00,0.00,0.00,0.00,0.00,661760.62,0.00,3716.10,0.00,0.00,0.00,0.00,0.00
"2009-04-22","risk_averse",823394.61,3550.25,0.00,878425.16,807584.90,117166.90,588696.33,21826.61,0.00,4768.33,12518.60,609.16,5835.75,22020.00,4506.61,5600.93,3803.48,16287.35,19211.60,0.00
"2009-04-22","risk_neutral",702615.26,35593.83,0.00,993187.12,462150.81,0.00,0.00,0.00,0.00,0.00,0.00,0.00,695770.20,0.00,4506.61,0.00,0.00,0.00,0.00,0.00
"2009-05-20","risk_averse",816518.25,3543.42,0.00,878421.47,795324.91,118374.93,572298.79,23054.20,0.00,5204.24,14666.59,619.85,6391.53,23453.10,4620.12,6017.47,3921.79,16821.87,20539.03,0.00
"2009-05-20","risk_neutral",769384.58,37025.67,0.00,1099107.26,577962.40,0.00,0.00,0.00,0.00,0.00,0.00,0.00,762034.02,0.00,4620.12,0.00,0.00,0.00,0.00,0.00
"2009-06-17","risk_averse",798788.45,3735.44,0.00,849594.31,774501.41,119399.93,550559.64,22514.06,0.00,5355.21,14773.50,677.95,6838.74,23964.04,4599.85,6105.39,4054.03,18171.01,21263.09,0.00
"2009-06-17","risk_neutral",823226.62,41441.96,0.00,1173096.04,570310.87,0.00,0.00,0.00,0.00,0.00,0.00,0.00,815352.27,0.00,4599.85,0.00,0.00,0.00,0.00,0.00
"2009-07-15","risk_averse",817257.04,3758.23,0.00,853453.48,793726.59,122487.12,562609.34,22587.71,0.00,5195.35,15583.45,680.88,7127.67,24823.90,4628.23,6285.55,4160.16,18448.55,22204.36,0.00
"2009-07-15","risk_neutral",858304.17,41801.51,0.00,1228997.73,671569.19,0.00,0.00,0.00,0.00,0.00,0.00,0.00,849800.68,0.00,4628.23,0.00,0.00,0.00,0.00,0.00
"2009-08-12","risk_averse",826877.02,3451.70,0.00,875984.82,806590.95,125854.97,560373.31,23005.10,0.00,5561.69,16130.98,708.52,7688.98,25409.60,5709.28,7297.35,4652.56,19825.96,24014.50,0.00
"2009-08-12","risk_neutral",927133.41,35116.61,0.00,1160723.29,556965.31,0.00,0.00,0.00,0.00,0.00,0.00,0.00,916722.76,0.00,5709.28,0.00,0.00,0.00,0.00,0.00
"2009-09-09","risk_averse",844553.90,3943.38,0.00,901800.06,811235.65,128441.87,569876.43,24011.72,0.00,5818.50,17673.13,707.10,7836.21,26269.47,5976.84,7454.46,4833.51,20681.70,24328.26,0.00
"2009-09-09","risk_neutral",945147.44,46476.51,0.00,1354561.16,701736.08,0.00,0.00,0.00,0.00,0.00,0.00,0.00,934276.09,0.00,5976.84,0.00,0.00,0.00,0.00,0.00
"2009-10-07","risk_averse",854822.55,3982.41,207.60,905721.41,821172.34,127953.77,505884.45,25460.28,0.00,6158.94,666.87,709.12,7863.81,114753.13,6084.94,7672.09,4990.98,20334.78,25631.56,0.00
"2009-10-07","risk_neutral",948320.57,44933.02,0.00,1309775.89,611117.76,0.00,0.00,0.00,0.00,0.00,0.00,0.00,937567.34,0.00,6084.94,0.00,0.00,0.00,0.00,0.00
"2009-11-04","risk_averse",844423.74,3640.97,0.00,887120.49,815523.70,128173.42,494043.56,26270.49,0.00,6228.50,628.97,703.07,8136.18,115491.66,5968.73,7337.71,4906.59,19671.77,26162.53,0.00
"2009-11-04","risk_neutral",980964.44,46272.30,0.00,1394953.89,677668.17,0.00,0.00,0.00,0.00,0.00,0.00,0.00,970041.01,0.00,5968.73,0.00,0.00,0.00,0.00,0.00
"2009-12-02","risk_averse",860506.26,3450.92,251.82,884757.88,837095.77,129649.90,448664.56,76761.49,35690.89,6140.43,659.81,741.90,8222.68,68902.95,6397.09,7383.83,5023.17,38950.08,26524.56,0.00
"2009-12-02","risk_neutral",991584.83,47162.89,0.00,1403956.52,679303.05,0.00,0.00,0.00,0.00,0.00,0.00,0.00,980353.59,0.00,6397.09,0.00,0.00,0.00,0.00,0.00
"2009-12-30","risk_averse",835368.22,3471.46,0.00,875233.82,804813.12,127087.41,433402.53,69395.49,37346.44,6170.04,658.75,754.41,7777.31,66936.34,6649.79,7463.10,5215.43,40116.86,25631.56,0.00
"2009-12-30","risk_neutral",938174.46,41994.84,0.00,1308359.08,613025.80,0.00,0.00,0.00,0.00,0.00,0.00,0.00,927254.76,0.00,6649.79,0.00,0.00,0.00,0.00,0.00
"2010-01-27","risk_averse",841521.63,2486.53,637.23,892759.70,792983.66,45809.54,729342.38,1007.08,4913.52,6013.88,624.38,726.57,7087.18,16457.42,6298.45,7386.72,5111.03,5969.06,4464.02,0.00
"2010-01-27","risk_neutral",854449.74,40888.08,0.00,1215830.38,620133.74,0.00,0.00,0.00,0.00,0.00,0.00,0.00,844973.52,0.00,6298.45,0.00,0.00,0.00,0.00,0.00
"2010-02-24","risk_averse",844937.14,4479.77,456.50,891919.90,814695.48,183820.35,502785.84,1024.10,5094.69,6039.04,623.68,720.12,7175.52,107272.16,6617.36,7542.38,5276.32,6101.81,4514.89,0.00
"2010-02-24","risk_neutral",864002.68,42393.09,0.00,1208557.37,552009.50,0.00,0.00,0.00,0.00,0.00,0.00,0.00,855505.52,0.00,6617.36,0.00,0.00,0.00,0.00,0.00
"2010-03-24","risk_averse",844757.01,3661.68,0.00,882621.11,813668.93,184854.82,494791.01,1009.92,5428.53,6067.17,686.06,721.73,7365.08,110821.90,7382.20,8238.53,5632.14,6577.52,4790.44,0.00
"2010-03-24","risk_neutral",887871.11,42112.62,0.00,1206793.09,567695.69,0.00,0.00,0.00,0.00,0.00,0.00,0.00,878105.43,0.00,7382.20,0.00,0.00,0.00,0.00,0.00
"2010-04-21","risk_averse",853734.90,3999.68,0.00,893383.38,820968.41,186415.29,498732.91,1058.14,5796.56,6574.12,702.54,748.66,7762.59,111649.64,7743.00,8668.04,6000.13,6456.98,5082.96,0.00
"2010-04-21","risk_neutral",936340.85,36010.22,0.00,1246650.46,603775.36,0.00,0.00,0.00,0.00,0.00,0.00,0.00,925499.43,0.00,7743.00,0.00,0.00,0.00,0.00,0.00
"2010-05-19","risk_averse",860697.23,3073.19,166.34,906960.66,833301.05,186713.36,601665.89,1095.97,5098.48,5620.90,606.02,698.93,6812.97,21891.55,6956.54,7385.27,5237.18,5802.60,4731.09,0.00
"2010-05-19","risk_neutral",821836.37,35453.86,0.00,1157020.14,564206.94,0.00,0.00,0.00,0.00,0.00,0.00,0.00,812280.44,0.00,6956.54,0.00,0.00,0.00,0.00,0.00
"2010-06-16","risk_averse",866529.24,3906.52,0.00,921950.09,837136.30,186748.43,603856.34,1153.65,5353.33,5993.16,679.00,744.22,7475.50,22276.31,7652.46,7679.30,5594.73,5956.87,4887.95,0.00
"2010-06-16","risk_neutral",902655.00,17376.58,1782.54,1133248.72,670718.10,0.00,0.00,891270.43,0.00,0.00,0.00,0.00,0.00,0.00,7652.46,0.00,0.00,0.00,0.00,0.00
"2010-07-14","risk_averse",879511.35,4288.64,276.35,927114.31,830041.75,288092.31,484995.07,1118.66,36909.76,5734.87,675.94,740.39,7335.63,22362.55,7224.10,7624.53,5412.04,5756.68,5049.04,0.00
"2010-07-14","risk_neutral",875545.65,19485.00,0.00,1130581.48,702006.04,0.00,0.00,864240.10,0.00,0.00,0.00,0.00,0.00,0.00,7224.10,0.00,0.00,0.00,0.00,0.00
"2010-08-11","risk_averse",894795.10,4089.74,0.00,943829.25,850364.05,291799.04,496902.41,1124.34,36300.91,5782.24,697.00,747.35,7363.24,22339.33,7390.31,7327.62,5332.00,5904.49,5116.87,0.00
"2010-08-11","risk_neutral",879975.28,18001.36,0.00,1122970.95,674369.73,0.00,0.00,868623.40,0.00,0.00,0.00,0.00,0.00,0.00,7390.31,0.00,0.00,0.00,0.00,0.00
"2010-09-08","risk_averse",896755.19,3993.85,0.00,939289.76,846980.19,293281.73,493900.13,1150.81,37502.37,5848.10,719.72,770.75,7528.87,22866.72,7751.11,7504.90,5514.69,6012.12,5680.70,0.00
"2010-09-08","risk_neutral",900689.22,17412.41,0.00,1149292.27,688419.91,0.00,0.00,889078.78,0.00,0.00,0.00,0.00,0.00,0.00,7751.11,0.00,0.00,0.00,0.00,0.00
"2010-10-06","risk_averse",923228.69,3879.84,130.16,970403.04,871329.10,299768.51,443476.66,66312.69,39583.28,6278.83,800.69,777.91,8071.77,23642.87,7944.34,7649.03,5821.79,6236.70,5862.99,0.00
"2010-10-06","risk_neutral",965819.50,17875.62,0.00,1182443.11,714523.72,0.00,0.00,953367.14,0.00,0.00,0.00,0.00,0.00,0.00,7944.34,0.00,0.00,0.00,0.00,0.00
"2010-11-03","risk_averse",931512.81,4170.93,0.00,979716.53,885185.07,299450.79,442944.16,69158.30,42048.44,6744.34,847.42,791.03,8811.59,24591.51,8417.30,7976.21,6186.31,6395.27,6104.64,0.00
"2010-11-03","risk_neutral",1007306.27,20099.33,0.00,1294054.28,783834.86,0.00,0.00,994277.92,0.00,0.00,0.00,0.00,0.00,0.00,8417.30,0.00,0.00,0.00,0.00,0.00
"2010-12-01","risk_averse",903877.35,3621.63,100.00,936447.98,850538.22,332523.05,425505.07,68751.78,0.00,7141.02,833.89,773.48,8292.61,24332.79,8130.82,7908.47,6357.69,6380.92,5939.30,0.00
"2010-12-01","risk_neutral",1001077.63,22980.23,0.00,1302454.81,851269.76,0.00,0.00,988433.52,0.00,0.00,0.00,0.00,0.00,0.00,8130.82,0.00,0.00,0.00,0.00,0.00
"2010-12-29","risk_averse",891161.78,3713.43,190.82,928768.84,851476.01,238537.78,414234.00,69717.25,0.00,7384.51,873.55,778.82,7852.77,24352.69,8261.90,8280.33,6498.62,47561.94,56045.29,0.00
"2010-12-29","risk_neutral",1014434.44,18759.30,0.00,1301875.86,811861.16,0.00,0.00,1002313.96,0.00,0.00,0.00,0.00,0.00,0.00,8261.90,0.00,0.00,0.00,0.00,0.00
"2011-01-26","risk_averse",891975.34,3993.59,0.00,922409.05,863976.55,239574.23,415964.60,65143.96,0.00,7715.32,800.22,798.69,7939.27,24289.67,8559.19,8558.50,6684.79,48462.77,56831.33,0.00
"2011-01-26","risk_neutral",949004.00,15825.06,0.00,1180130.74,703429.57,0.00,0.00,936564.50,0.00,0.00,0.00,0.00,0.00,0.00,8559.19,0.00,0.00,0.00,0.00,0.00
"2011-02-23","risk_averse",889903.90,3727.26,100.00,927583.55,851597.29,239089.09,463169.02,19514.00,0.00,8297.02,788.81,788.71,7574.88,24392.49,8545.68,8554.18,6749.17,46898.97,55023.42,0.00
"2011-02-23","risk_neutral",1011188.95,21563.07,0.00,1302201.58,794387.28,0.00,0.00,999391.76,0.00,0.00,0.00,0.00,0.00,0.00,8545.68,0.00,0.00,0.00,0.00,0.00
"2011-03-23","risk_averse",897363.15,3994.70,0.00,930858.46,863064.56,239993.22,464512.11,19884.88,0.00,8420.62,824.12,795.47,8034.96,24827.01,8434.87,8454.73,6862.27,48761.36,57145.75,0.00
"2011-03-23","risk_neutral",1030120.63,20010.18,0.00,1291439.30,764691.78,0.00,0.00,1018386.05,0.00,0.00,0.00,0.00,0.00,0.00,8434.87,0.00,0.00,0.00,0.00,0.00
"2011-04-20","risk_averse",908383.81,3704.60,0.00,936141.77,871661.44,241316.35,464910.07,20983.25,0.00,8568.63,873.20,808.18,8539.22,25855.25,8957.82,8431.66,7096.29,53174.43,58364.13,0.00
"2011-04-20","risk_neutral",1086883.08,22242.61,0.00,1400445.38,851643.45,0.00,0.00,1074638.36,0.00,0.00,0.00,0.00,0.00,0.00,8957.82,0.00,0.00,0.00,0.00,0.00
"2011-05-18","risk_averse",924007.73,4025.10,100.00,961714.47,878671.96,244954.95,441670.03,20826.34,33139.15,8091.28,832.71,849.33,8119.62,27148.84,9194.30,8395.63,7118.91,54621.84,58364.13,0.00
"2011-05-18","risk_neutral",1079588.64,17521.80,0.00,1344461.36,813202.92,0.00,0.00,1066602.32,0.00,0.00,0.00,0.00,0.00,0.00,9194.30,0.00,0.00,0.00,0.00,0.00
"2011-06-15","risk_averse",925504.03,3514.77,0.00,960248.80,889518.76,244381.60,451248.41,21297.07,31059.01,7794.51,802.11,821.99,7744.19,26120.60,8790.26,7832.08,6650.87,51777.64,58403.43,0.00
"2011-06-15","risk_neutral",1103789.41,17488.00,0.00,1363861.12,808572.84,0.00,0.00,1090710.45,0.00,0.00,0.00,0.00,0.00,0.00,8790.26,0.00,0.00,0.00,0.00,0.00
"2011-07-13","risk_averse",932255.13,3653.01,0.00,960529.07,892788.88,245043.16,450184.15,22110.16,32289.85,8155.67,823.88,830.67,7582.24,26535.21,9090.25,7931.53,6887.50,54449.77,59503.90,0.00
"2011-07-13","risk_neutral",1145745.89,18929.78,0.00,1424709.08,904511.29,0.00,0.00,1132351.78,0.00,0.00,0.00,0.00,0.00,0.00,9090.25,0.00,0.00,0.00,0.00,0.00
"2011-08-10","risk_averse",932793.08,3298.98,0.00,975249.10,896684.47,245219.58,471654.54,24421.02,27971.82,7217.25,753.73,788.71,6811.13,24807.11,8245.68,6924.05,6015.79,44950.54,56005.98,0.00
"2011-08-10","risk_neutral",1264197.85,23102.12,0.00,1568112.92,933794.29,0.00,0.00,1250700.80,0.00,0.00,0.00,0.00,0.00,0.00,8245.68,0.00,0.00,0.00,0.00,0.00
"2011-09-07","risk_averse",957019.17,3637.98,0.00,997499.06,901371.68,250071.04,484240.63,26004.40,28256.14,7267.58,791.63,826.74,6796.41,25974.65,8533.51,6826.05,6101.92,48984.04,55259.24,0.00
"2011-09-07","risk_neutral",1346251.30,20375.83,0.00,1663966.74,983010.45,0.00,0.00,1331791.80,0.00,0.00,0.00,0.00,0.00,0.00,8533.51,0.00,0.00,0.00,0.00,0.00
"2011-10-05","risk_averse",936065.11,4003.02,0.00,979526.48,897541.05,245065.21,481788.19,22951.77,27054.65,6699.19,704.42,817.76,5786.06,25400.83,7687.59,6578.14,5860.94,48584.23,49953.41,0.00
"2011-10-05","risk_neutral",1190022.28,18665.04,0.00,1516695.46,922930.42,0.00,0.00,1175454.20,0.00,0.00,0.00,0.00,0.00,0.00,7687.59,0.00,0.00,0.00,0.00,0.00
"2011-11-02","risk_averse",958926.42,3554.37,0.00,997882.98,921590.02,254371.21,480307.48,24549.41,29925.39,7729.38,767.15,868.80,7006.21,26488.77,8751.07,7225.29,6466.43,49358.55,54040.86,0.00
"2011-11-02","risk_neutral",1273083.20,21258.82,0.00,1639141.44,1032996.03,0.00,0.00,1257275.75,0.00,0.00,0.00,0.00,0.00,0.00,8751.07,0.00,0.00,0.00,0.00,0.00
"2011-11-30","risk_averse",949758.29,2293.94,371.50,991644.70,933565.73,243808.24,299112.77,24278.38,29332.90,7651.68,40344.70,84593.93,6739.36,84134.88,8299.74,6899.55,6360.30,51828.24,54394.58,0.00
"2011-11-30","risk_neutral",1257322.24,20598.57,0.00,1446642.34,954238.09,0.00,0.00,1243395.31,0.00,0.00,0.00,0.00,0.00,0.00,8299.74,0.00,0.00,0.00,0.00,0.00
"2011-12-28","risk_averse",958172.98,1996.98,100.00,988336.99,937027.95,249806.42,303556.47,71496.78,29431.95,7460.00,38398.85,87394.73,6413.62,84974.98,8740.26,7117.19,6287.22,2612.68,52429.46,0.00
"2011-12-28","risk_neutral",1115993.74,14750.24,0.00,1323307.87,1009550.07,0.00,0.00,1100938.15,0.00,0.00,0.00,0.00,0.00,0.00,8740.26,0.00,0.00,0.00,0.00,0.00
"2012-01-25","risk_averse",980605.11,2068.07,124.10,1001481.75,957287.82,255451.76,242081.58,79562.11,31257.12,7716.80,41772.49,84849.44,7210.49,84622.35,9275.38,7584.17,6690.88,64934.83,55377.14,0.00
"2012-01-25","risk_neutral",1240242.07,18196.68,0.00,1455089.17,1041510.95,0.00,0.00,1225131.57,0.00,0.00,0.00,0.00,0.00,0.00,9275.38,0.00,0.00,0.00,0.00,0.00
"2012-02-22","risk_averse",994435.35,2095.39,100.00,1011896.10,975995.65,257348.24,241300.67,82361.25,32864.00,8193.41,43225.56,84721.69,7387.16,86198.84,9248.36,7928.65,52284.06,22260.98,57145.75,0.00
"2012-02-22","risk_neutral",1283274.19,19731.47,0.00,1502959.21,1117471.09,0.00,0.00,1268233.99,0.00,0.00,0.00,0.00,0.00,0.00,9248.36,0.00,0.00,0.00,0.00,0.00
"2012-03-21","risk_averse",978995.73,1535.41,100.00,997595.90,963127.99,252871.66,235903.22,75956.43,32829.15,7773.79,42397.94,47417.20,43808.54,88470.23,9342.95,8349.51,52576.44,22621.06,56359.70,0.00
"2012-03-21","risk_neutral",1184291.13,17851.04,0.00,1387296.66,1035272.21,0.00,0.00,1169609.80,0.00,0.00,0.00,0.00,0.00,0.00,9342.95,0.00,0.00,0.00,0.00,0.00
"2012-04-18","risk_averse",989444.36,880.92,401.41,1006827.16,972305.64,256267.69,90488.73,75861.54,32513.64,57491.08,42018.88,46909.48,117.08,89196.25,59511.86,8212.59,51881.23,68692.04,56988.54,50000.00
"2012-04-18","risk_neutral",1185025.78,16788.87,2000.00,1452537.46,1090300.87,0.00,0.00,168148.70,0.00,0.00,0.00,0.00,0.00,0.00,1009511.86,0.00,0.00,0.00,0.00,0.00
"2012-05-16","risk_averse",969192.22,1006.61,0.00,990198.19,955506.79,255628.18,92293.00,72730.30,30594.92,53310.74,39175.93,47748.33,102.88,88107.22,58226.76,7578.41,48463.63,69533.28,53805.05,48908.75
"2012-05-16","risk_neutral",1156409.27,17318.18,322.42,1451045.54,1047410.35,0.00,0.00,0.00,0.00,0.00,0.00,0.00,0.00,0.00,1148920.72,0.00,0.00,0.00,0.00,0.00
"2012-06-13","risk_averse",982203.13,1306.82,0.00,999332.05,965260.02,256686.68,92739.78,75102.45,30457.35,53464.09,40483.68,49679.90,104.62,90005.24,59647.13,7723.98,48548.09,70277.89,54433.89,50118.61
"2012-06-13","risk_neutral",1182894.82,16768.96,0.00,1477707.40,1018270.91,0.00,0.00,0.00,0.00,0.00,0.00,0.00,0.00,0.00,1176947.24,0.00,0.00,0.00,0.00,0.00
"2012-07-11","risk_averse",999762.30,1442.29,50.00,1019560.27,978489.39,263236.16,93796.57,72587.97,30970.96,54509.18,39277.01,49944.80,99.47,91841.02,62014.42,7821.99,49022.40,74251.06,55612.96,52127.15
"2012-07-11","risk_neutral",1229835.68,23506.47,0.00,1562818.56,1110870.65,0.00,0.00,0.00,0.00,0.00,0.00,0.00,0.00,0.00,1223658.12,0.00,0.00,0.00,0.00,0.00
"2012-08-08","risk_averse",1018184.17,1289.42,100.00,1033394.40,1001618.87,263875.67,92516.39,74770.35,32111.92,21424.65,42745.41,50496.67,109.39,93562.71,61625.51,46052.04,51393.93,75490.19,57420.87,51882.02
"2012-08-08","risk_neutral",1222457.93,20167.25,0.00,1524230.22,1118331.24,0.00,0.00,0.00,0.00,0.00,0.00,0.00,0.00,0.00,1215984.19,0.00,0.00,0.00,0.00,0.00
"2012-09-05","risk_averse",1033938.73,1410.06,0.00,1054732.65,1011365.12,263919.77,92628.08,78518.36,33423.47,21434.89,42252.63,49773.72,101.46,94931.77,63493.97,47817.58,52842.83,80105.66,56438.31,53518.90
"2012-09-05","risk_neutral",1259425.08,23101.13,0.00,1599056.17,1179102.93,0.00,0.00,0.00,0.00,0.00,0.00,0.00,0.00,0.00,1252852.42,0.00,0.00,0.00,0.00,0.00
"2012-10-03","risk_averse",1046745.19,1288.00,100.00,1060051.19,1033020.16,268462.51,142903.02,32740.80,33333.59,21965.54,41336.57,49933.76,108.99,96394.18,60881.50,49197.18,53440.59,83453.58,58835.76,51470.82
"2012-10-03","risk_neutral",1206079.76,20662.84,0.00,1416755.68,1042591.32,0.00,0.00,0.00,0.00,0.00,0.00,0.00,0.00,0.00,1201303.63,0.00,0.00,0.00,0.00,0.00
"2012-10-31","risk_averse",1035913.22,1603.66,162.81,1050935.19,1018950.83,270094.37,142110.07,31314.02,33509.69,21527.09,10988.08,49552.97,117.08,156918.74,60467.23,17029.96,53044.25,76195.01,59700.41,51154.52
"2012-10-31","risk_neutral",1197216.55,21028.01,0.00,1398186.67,1012778.41,0.00,0.00,0.00,0.00,0.00,0.00,0.00,0.00,0.00,1193129.23,0.00,0.00,0.00,0.00,0.00
"2012-11-28","risk_averse",1036587.66,1909.19,0.00,1052824.79,1017835.96,269344.60,143814.92,31520.53,33461.99,21109.13,10979.76,47637.95,114.23,159253.33,59900.77,16768.00,52868.82,79503.14,57617.38,50672.15
"2012-11-28","risk_neutral",1185817.15,21468.08,0.00,1407549.45,1064420.23,0.00,0.00,0.00,0.00,0.00,0.00,0.00,0.00,0.00,1181951.98,0.00,0.00,0.00,0.00,0.00
"2012-12-26","risk_averse",1027448.70,1727.87,0.00,1048344.10,1010779.57,267624.53,142480.11,30412.90,33724.31,20857.12,11688.78,47433.76,122.57,151678.89,61464.87,17240.66,53050.75,77422.77,58364.13,51826.66
"2012-12-26","risk_neutral",1216854.38,20372.43,0.00,1421527.25,1032980.79,0.00,0.00,0.00,0.00,0.00,0.00,0.00,0.00,0.00,1212814.52,0.00,0.00,0.00,0.00,0.00
"2013-01-23","risk_averse",1052339.24,1826.23,0.00,1073891.99,1032921.42,266058.83,141462.49,30450.44,36275.87,22367.11,10951.47,49337.73,128.73,159702.95,64161.89,18382.45,56864.68,82242.87,57853.20,54214.77
"2013-01-23","risk_neutral",1269887.41,23512.41,0.00,1497316.51,1091082.44,0.00,0.00,0.00,0.00,0.00,0.00,0.00,0.00,0.00,1266031.56,0.00,0.00,0.00,0.00,0.00
"2013-02-20","risk_averse",1052955.06,1929.88,50.00,1071280.99,1030917.59,263941.83,140497.74,28779.61,36507.00,22512.58,10846.61,50507.71,119.37,165634.53,64170.34,18541.90,56942.65,81702.88,55730.87,54420.37
"2013-02-20","risk_neutral",1270089.38,17555.06,0.00,1434679.86,1064960.12,0.00,0.00,0.00,0.00,0.00,0.00,0.00,0.00,0.00,1266198.38,0.00,0.00,0.00,0.00,0.00
"2013-03-20","risk_averse",1073884.40,1717.60,0.00,1092952.75,1056485.62,263434.63,141211.39,29455.45,37912.10,22869.07,10502.09,52648.99,114.20,170597.68,64398.61,19182.55,59444.12,88097.46,56674.12,55132.06
"2013-03-20","risk_neutral",1275028.14,18385.83,0.00,1464505.84,1088661.93,0.00,0.00,0.00,0.00,0.00,0.00,0.00,0.00,0.00,1270702.64,0.00,0.00,0.00,0.00,0.00
"2013-04-17","risk_averse",1096896.84,1855.90,104.27,1118131.85,1078632.10,267999.42,143577.03,25325.31,36870.19,21916.37,10084.34,106897.08,108.28,176356.33,67839.63,18923.44,58774.90,41624.40,60958.09,57472.72
"2013-04-17","risk_neutral",1342762.99,21105.18,0.00,1572675.81,1185617.98,0.00,0.00,0.00,0.00,0.00,0.00,0.00,0.00,0.00,1338600.24,0.00,0.00,0.00,0.00,0.00
"2013-05-15","risk_averse",1128193.12,1674.95,50.00,1143965.79,1111771.43,265970.62,142070.42,25306.53,40056.44,23610.75,10795.02,107015.58,116.37,183792.41,71585.02,20759.98,63673.89,45480.23,64809.73,60967.89
"2013-05-15","risk_neutral",1416347.46,22246.34,0.00,1628076.97,1200852.87,0.00,0.00,0.00,0.00,0.00,0.00,0.00,0.00,0.00,1412503.52,0.00,0.00,0.00,0.00,0.00
"2013-06-12","risk_averse",1090252.20,1957.86,0.00,1111259.20,1065897.50,257679.02,139030.78,25250.21,39381.40,23577.97,9668.25,102566.48,108.31,179953.32,65159.53,20677.40,62549.85,44622.26,62608.79,55290.21
"2013-06-12","risk_neutral",1289266.67,22693.42,0.00,1514321.77,1153167.35,0.00,0.00,0.00,0.00,0.00,0.00,0.00,0.00,0.00,1285716.85,0.00,0.00,0.00,0.00,0.00
"2013-07-10","risk_averse",1094453.05,1395.46,0.00,1111318.67,1080416.73,251813.16,134709.19,23447.97,40614.08,24022.57,9848.00,104397.83,105.86,184138.28,66909.63,21161.45,64525.04,47534.33,62333.68,56618.69
"2013-07-10","risk_neutral",1326431.83,14309.63,2000.00,1502538.80,1142377.22,0.00,0.00,0.00,0.00,0.00,0.00,0.00,0.00,0.00,320249.54,0.00,0.00,1000000.00,0.00,0.00
"2013-08-07","risk_averse",1094683.73,2032.20,50.00,1111629.62,1078059.45,251328.01,134867.78,23936.08,41246.93,24278.67,10165.89,106476.95,106.63,185954.07,63612.34,21372.16,66032.42,49368.88,59857.62,54001.27
"2013-08-07","risk_neutral",1350470.54,16906.76,608.94,1580910.32,1110186.47,0.00,0.00,0.00,0.00,0.00,0.00,0.00,0.00,0.00,0.00,0.00,0.00,1343061.97,0.00,0.00
"2013-09-04","risk_averse",1055462.41,1517.87,0.00,1074570.39,1039983.98,244580.07,130308.31,24968.61,39979.40,24227.45,9999.46,99097.68,115.41,177117.23,59486.50,20600.53,64739.45,50953.61,56792.03,50458.64
"2013-09-04","risk_neutral",1394445.86,15670.75,0.00,1588727.37,1124357.94,0.00,0.00,0.00,0.00,0.00,0.00,0.00,0.00,0.00,0.00,0.00,0.00,1386173.96,0.00,0.00
"2013-10-02","risk_averse",1081876.97,2160.03,50.00,1103625.48,1064605.47,250159.25,134854.57,23992.40,41665.15,24497.90,10633.58,100401.17,116.27,178863.84,61540.96,20842.55,66708.15,53032.94,60565.07,52214.14
"2013-10-02","risk_neutral",1451408.66,16439.77,0.00,1702173.90,1253761.94,0.00,0.00,0.00,0.00,0.00,0.00,0.00,0.00,0.00,0.00,0.00,0.00,1442741.28,0.00,0.00
"2013-10-30","risk_averse",1113801.59,2172.79,0.00,1137963.01,1096326.14,254040.42,135792.89,24105.04,43018.90,25553.05,10921.51,105044.19,116.46,189948.80,64153.43,21625.57,68813.28,51814.11,62333.68,54665.51
"2013-10-30","risk_neutral",1418250.61,19986.49,0.00,1674720.14,1193064.10,0.00,0.00,0.00,0.00,0.00,0.00,0.00,0.00,0.00,0.00,0.00,0.00,1409583.50,0.00,0.00
"2013-11-27","risk_averse",1111313.08,2043.40,0.00,1123880.65,1091212.86,252849.61,134392.01,22772.13,43552.69,25596.07,10681.84,102857.34,124.39,193113.46,60610.96,22402.89,70229.70,56565.77,61901.35,51795.03
"2013-11-27","risk_neutral",1547732.42,19960.46,0.00,1718596.60,1232749.92,0.00,0.00,0.00,0.00,0.00,0.00,0.00,0.00,0.00,0.00,0.00,0.00,1538850.81,0.00,0.00
"2013-12-25","risk_averse",1103375.94,2387.25,0.00,1125632.25,1089545.08,251923.42,131471.31,22021.19,44534.06,25745.64,10473.80,102480.29,116.68,189412.71,60484.14,22761.66,71100.34,57343.00,60643.67,51201.96
"2013-12-25","risk_neutral",1569644.79,22001.58,0.00,1784854.90,1256580.75,0.00,0.00,0.00,0.00,0.00,0.00,0.00,0.00,0.00,0.00,0.00,0.00,1559994.90,0.00,0.00
"2014-01-22","risk_averse",1114259.37,2131.82,0.00,1133673.17,1099146.97,254569.68,133810.51,22997.41,44994.48,25196.55,10112.63,104343.96,108.55,185037.53,62327.24,22679.09,71483.69,63777.81,57971.11,53076.07
"2014-01-22","risk_neutral",1745957.63,24015.26,0.00,1995819.33,1405378.40,0.00,0.00,0.00,0.00,0.00,0.00,0.00,0.00,0.00,0.00,0.00,0.00,1735051.54,0.00,0.00
"2014-02-19","risk_averse",1133819.95,2298.55,0.00,1151421.22,1116226.36,256201.53,134497.74,24105.04,45194.42,25426.02,10056.04,109633.34,110.60,184622.49,64931.25,22482.62,73036.55,66987.64,59700.41,54989.72
"2014-02-19","risk_neutral",1834460.24,27404.17,0.00,2120392.39,1478927.99,0.00,0.00,0.00,0.00,0.00,0.00,0.00,0.00,0.00,0.00,0.00,0.00,1822373.91,0.00,0.00
"2014-03-19","risk_averse",1138901.93,2009.46,103.87,1153877.95,1125252.37,255584.07,133982.32,24161.36,46172.12,25614.51,10365.61,109751.84,102.29,137063.87,65024.25,23439.33,126068.41,65168.23,59464.60,55037.17
"2014-03-19","risk_neutral",1784983.35,28451.37,0.00,2078852.80,1439694.80,0.00,0.00,0.00,0.00,0.00,0.00,0.00,0.00,0.00,0.00,0.00,0.00,1772877.50,0.00,0.00
"2014-04-16","risk_averse",1146671.07,2166.58,0.00,1172692.69,1120531.47,259024.20,134524.17,23579.38,45077.02,27376.51,11194.46,114211.72,111.03,140700.85,67416.90,22821.45,123825.47,56061.08,62097.86,56753.12
"2014-04-16","risk_neutral",1535583.63,23751.87,0.00,1814931.18,1252481.91,0.00,0.00,0.00,0.00,0.00,0.00,0.00,0.00,0.00,0.00,0.00,0.00,1525120.88,0.00,0.00
"2014-05-14","risk_averse",1159958.69,2337.83,50.00,1174247.63,1140818.52,263103.85,137048.40,23579.38,44928.44,27493.29,11505.70,113683.86,110.26,141729.23,69420.64,22644.92,123781.28,57736.66,62805.31,58484.90
"2014-05-14","risk_neutral",1579717.99,30688.13,0.00,1865684.89,1258638.45,0.00,0.00,0.00,0.00,0.00,0.00,0.00,0.00,0.00,0.00,0.00,0.00,1570704.25,0.00,0.00
"2014-06-11","risk_averse",1174371.98,2214.18,50.00,1191574.45,1157872.14,261317.62,136136.50,23185.14,46755.44,28650.88,11470.75,114653.40,116.30,144475.78,69640.46,23533.29,128245.05,62538.79,63119.73,58690.50
"2014-06-11","risk_neutral",1710463.47,29144.69,0.00,1996117.59,1351852.19,0.00,0.00,0.00,0.00,0.00,0.00,0.00,0.00,0.00,0.00,0.00,0.00,1701344.56,0.00,0.00
"2014-07-09","risk_averse",1188989.89,2572.53,0.00,1210367.06,1168126.93,261714.56,136625.49,24311.54,47133.32,29206.11,11442.45,117044.93,116.99,147009.12,70764.92,23621.56,130543.23,64469.24,63434.14,59726.40
"2014-07-09","risk_neutral",1763875.26,29762.21,0.00,2016414.25,1387727.96,0.00,0.00,0.00,0.00,0.00,0.00,0.00,0.00,0.00,0.00,0.00,0.00,1753861.55,0.00,0.00
"2014-08-06","risk_averse",1165420.41,2052.81,0.00,1186970.75,1148284.92,262574.60,137762.05,23860.98,45552.12,27909.20,11364.23,109870.34,123.56,141302.83,69758.82,23063.48,126620.85,62619.54,62097.86,58896.09
"2014-08-06","risk_neutral",1714150.82,28058.06,0.00,2050912.72,1448822.76,0.00,0.00,0.00,0.00,0.00,0.00,0.00,0.00,0.00,0.00,0.00,0.00,1703541.35,0.00,0.00
"2014-09-03","risk_averse",1199367.75,2459.54,50.00,1223698.70,1179544.89,262376.13,137220.20,22959.86,47944.09,28462.39,11948.42,116754.07,130.78,147222.32,72244.47,24282.14,133747.42,68365.45,62883.91,60967.89
"2014-09-03","risk_neutral",1870506.21,29475.19,0.00,2125744.00,1470581.93,0.00,0.00,0.00,0.00,0.00,0.00,0.00,0.00,0.00,0.00,0.00,0.00,1859856.62,0.00,0.00
"2014-10-01","risk_averse",1170421.11,1497.83,100.00,1190076.31,1152664.28,211516.09,137431.66,22058.74,45220.10,26214.82,10630.25,113737.72,116.15,146595.26,67459.18,73618.71,127891.48,67777.49,60800.88,56768.94
"2014-10-01","risk_neutral",1857487.11,20279.50,0.00,2110398.40,1572445.32,0.00,0.00,0.00,0.00,0.00,0.00,0.00,0.00,0.00,0.00,0.00,0.00,1843861.25,0.00,0.00
"2014-10-29","risk_averse",1213526.72,2278.57,0.00,1231038.37,1197124.25,212889.46,139017.56,21777.14,46810.47,25278.50,11409.17,122916.03,122.29,151661.94,73563.39,76352.23,132288.96,74870.92,60565.07,61687.49
"2014-10-29","risk_neutral",2050635.61,25334.80,0.00,2368473.09,1771499.70,0.00,0.00,0.00,0.00,0.00,0.00,0.00,0.00,0.00,0.00,0.00,0.00,2036835.45,0.00,0.00
