"PP","Scenario","ScenarioReturn"
"PP_1","s1",1001253.84
"PP_1","s2",1003664.32
"PP_1","s3",1012034.71
"PP_1","s4",1000672.02
"PP_1","s5",1001294.40
"PP_1","s6",1002210.49
"PP_1","s7",999635.78
"PP_1","s8",996653.90
"PP_1","s9",1002498.29
"PP_1","s10",990272.87
"PP_1","s11",997582.71
"PP_1","s12",1002075.54
"PP_1","s13",998091.13
"PP_1","s14",1001294.40
"PP_1","s15",995352.20
"PP_1","s16",1000469.57
"PP_1","s17",1000165.83
"PP_1","s18",1001294.40
"PP_1","s19",1006993.54
"PP_1","s20",998146.83
"PP_1","s21",993976.86
"PP_1","s22",1001294.40
"PP_1","s23",1001294.40
"PP_1","s24",999433.13
"PP_1","s25",999731.32
"PP_1","s26",999306.53
"PP_1","s27",1001654.38
"PP_1","s28",1003769.89
"PP_1","s29",1002260.15
"PP_1","s30",1002170.51
"PP_1","s31",1001587.15
"PP_1","s32",1003260.84
"PP_1","s33",1007319.90
"PP_1","s34",996979.76
"PP_1","s35",999389.52
"PP_1","s36",998638.35
"PP_1","s37",1003448.25
"PP_1","s38",996489.91
"PP_1","s39",997761.86
"PP_1","s40",1003427.85
"PP_1","s41",1003000.10
"PP_1","s42",1002879.01
"PP_1","s43",1006362.86
"PP_1","s44",1012162.13
"PP_1","s45",1005590.49
"PP_1","s46",999693.83
"PP_1","s47",995014.75
"PP_1","s48",1006114.12
"PP_1","s49",1005218.05
"PP_1","s50",1000868.79
"PP_1","s51",1000599.16
"PP_1","s52",996479.26
"PP_1","s53",1001044.62
"PP_1","s54",1001354.45
"PP_1","s55",999357.77
"PP_1","s56",1009235.29
"PP_1","s57",1003087.59
"PP_1","s58",1005852.13
"PP_1","s59",1001204.56
"PP_1","s60",998620.49
"PP_1","s61",999484.44
"PP_1","s62",1001085.97
"PP_1","s63",1002766.29
"PP_1","s64",998190.29
"PP_1","s65",1003179.65
"PP_1","s66",1001294.40
"PP_1","s67",997544.68
"PP_1","s68",1001294.40
"PP_1","s69",996880.73
"PP_1","s70",1004188.19
"PP_1","s71",1004444.32
"PP_1","s72",1009038.58
"PP_1","s73",994027.84
"PP_1","s74",999166.45
"PP_1","s75",998053.11
"PP_1","s76",1003676.17
"PP_1","s77",1001266.08
"PP_1","s78",1007852.98
"PP_1","s79",992499.56
"PP_1","s80",1005059.92
"PP_1","s81",996273.42
"PP_1","s82",1000823.44
"PP_1","s83",999154.26
"PP_1","s84",1001694.92
"PP_1","s85",997936.11
"PP_1","s86",994718.39
"PP_1","s87",1002498.30
"PP_1","s88",999621.29
"PP_1","s89",997437.36
"PP_1","s90",1001294.40
"PP_1","s91",997291.02
"PP_1","s92",1008326.67
"PP_1","s93",1001294.40
"PP_1","s94",1004292.46
"PP_1","s95",999112.56
"PP_1","s96",1001932.42
"PP_1","s97",993810.93
"PP_1","s98",1003893.26
"PP_1","s99",999358.23
"PP_1","s100",1006750.89
"PP_1","s101",1009164.50
"PP_1","s102",1005535.40
"PP_1","s103",999395.70
"PP_1","s104",1005302.73
"PP_1","s105",998234.35
"PP_1","s106",1000367.03
"PP_1","s107",1002852.76
"PP_1","s108",999798.30
"PP_1","s109",1002185.32
"PP_1","s110",1003442.60
"PP_1","s111",1005130.28
"PP_1","s112",1008113.20
"PP_1","s113",996881.50
"PP_1","s114",997250.77
"PP_1","s115",996193.84
"PP_1","s116",1003165.53
"PP_1","s117",1001058.87
"PP_1","s118",1002134.22
"PP_1","s119",1001276.68
"PP_1","s120",1002656.76
"PP_1","s121",1000229.51
"PP_1","s122",1000689.56
"PP_1","s123",995802.35
"PP_1","s124",994989.75
"PP_1","s125",1001294.40
"PP_1","s126",1003188.43
"PP_1","s127",1007774.77
"PP_1","s128",1003714.79
"PP_1","s129",1001822.57
"PP_1","s130",993143.90
"PP_1","s131",1002169.84
"PP_1","s132",997876.12
"PP_1","s133",995749.92
"PP_1","s134",1002046.17
"PP_1","s135",1016889.88
"PP_1","s136",1002994.03
"PP_1","s137",994247.45
"PP_1","s138",1000398.40
"PP_1","s139",1005348.03
"PP_1","s140",1005915.91
"PP_1","s141",1000521.55
"PP_1","s142",1001294.40
"PP_1","s143",1002031.83
"PP_1","s144",999401.84
"PP_1","s145",998528.48
"PP_1","s146",1000501.78
"PP_1","s147",1007038.33
"PP_1","s148",1004627.67
"PP_1","s149",1007508.99
"PP_1","s150",999953.61
"PP_1","s151",999956.07
"PP_1","s152",1001548.88
"PP_1","s153",1007588.58
"PP_1","s154",1001294.40
"PP_1","s155",1001328.26
"PP_1","s156",1007674.89
"PP_1","s157",1000136.98
"PP_1","s158",1005975.84
"PP_1","s159",1003267.50
"PP_1","s160",997228.89
"PP_1","s161",1003641.11
"PP_1","s162",1005287.83
"PP_1","s163",1006522.60
"PP_1","s164",998301.43
"PP_1","s165",1000488.17
"PP_1","s166",1010452.62
"PP_1","s167",1001646.16
"PP_1","s168",1000850.00
"PP_1","s169",999782.03
"PP_1","s170",1004577.77
"PP_1","s171",1002894.19
"PP_1","s172",997936.60
"PP_1","s173",1002689.16
"PP_1","s174",998170.47
"PP_1","s175",1000086.69
"PP_1","s176",1000866.11
"PP_1","s177",1000782.90
"PP_1","s178",1007073.51
"PP_1","s179",996517.05
"PP_1","s180",1002540.98
"PP_1","s181",1013544.01
"PP_1","s182",995036.18
"PP_1","s183",998489.20
"PP_1","s184",997517.11
"PP_1","s185",1001727.69
"PP_1","s186",1004281.26
"PP_1","s187",994994.15
"PP_1","s188",1002156.78
"PP_1","s189",1002997.83
"PP_1","s190",1005246.92
"PP_1","s191",1004805.82
"PP_1","s192",1005551.38
"PP_1","s193",1002234.55
"PP_1","s194",999452.87
"PP_1","s195",1005822.00
"PP_1","s196",1003041.13
"PP_1","s197",1005524.85
"PP_1","s198",998576.65
"PP_1","s199",1000863.22
"PP_1","s200",1003076.75
"PP_1","s201",996918.46
"PP_1","s202",1001768.03
"PP_1","s203",1005563.58
"PP_1","s204",1002333.82
"PP_1","s205",1000347.89
"PP_1","s206",996198.75
"PP_1","s207",998475.92
"PP_1","s208",1002705.15
"PP_1","s209",1004992.85
"PP_1","s210",1005072.94
"PP_1","s211",995533.63
"PP_1","s212",996458.40
"PP_1","s213",996946.43
"PP_1","s214",1003624.96
"PP_1","s215",1007165.89
"PP_1","s216",994635.51
"PP_1","s217",998630.70
"PP_1","s218",999613.50
"PP_1","s219",1005666.56
"PP_1","s220",996762.97
"PP_1","s221",1000153.13
"PP_1","s222",998790.47
"PP_1","s223",1001534.77
"PP_1","s224",995434.52
"PP_1","s225",997627.51
"PP_1","s226",1000482.81
"PP_1","s227",1001294.40
"PP_1","s228",998524.09
"PP_1","s229",1001294.40
"PP_1","s230",1002838.76
"PP_1","s231",1003846.27
"PP_1","s232",997756.03
"PP_1","s233",1004578.04
"PP_1","s234",1007427.21
"PP_1","s235",1002516.34
"PP_1","s236",994605.66
"PP_1","s237",999186.72
"PP_1","s238",1001294.40
"PP_1","s239",1004413.00
"PP_1","s240",998545.83
"PP_1","s241",1000177.10
"PP_1","s242",1005356.26
"PP_1","s243",999276.47
"PP_1","s244",995551.67
"PP_1","s245",1003471.25
"PP_1","s246",995916.44
"PP_1","s247",1005303.54
"PP_1","s248",1002091.35
"PP_1","s249",1002373.92
"PP_1","s250",1002251.97
"PP_2","s1",1000128.63
"PP_2","s2",1009834.86
"PP_2","s3",1005512.26
"PP_2","s4",998859.65
"PP_2","s5",998768.58
"PP_2","s6",1010135.32
"PP_2","s7",991742.66
"PP_2","s8",992710.24
"PP_2","s9",1006694.12
"PP_2","s10",991943.03
"PP_2","s11",995655.86
"PP_2","s12",1014749.67
"PP_2","s13",995694.66
"PP_2","s14",1003639.35
"PP_2","s15",997917.04
"PP_2","s16",1013160.20
"PP_2","s17",995099.57
"PP_2","s18",996183.38
"PP_2","s19",1010405.49
"PP_2","s20",1003639.35
"PP_2","s21",984593.04
"PP_2","s22",1003639.35
"PP_2","s23",1009103.79
"PP_2","s24",1003639.35
"PP_2","s25",1008695.98
"PP_2","s26",1005623.40
"PP_2","s27",1002914.28
"PP_2","s28",1007879.86
"PP_2","s29",999576.13
"PP_2","s30",1009774.03
"PP_2","s31",1017075.46
"PP_2","s32",1015227.84
"PP_2","s33",1015818.25
"PP_2","s34",1001925.92
"PP_2","s35",986278.89
"PP_2","s36",999101.45
"PP_2","s37",1007959.07
"PP_2","s38",1000216.50
"PP_2","s39",990470.29
"PP_2","s40",1014873.22
"PP_2","s41",1003639.35
"PP_2","s42",1012081.73
"PP_2","s43",1015111.70
"PP_2","s44",1046497.66
"PP_2","s45",1012230.90
"PP_2","s46",1006786.18
"PP_2","s47",999340.62
"PP_2","s48",1005956.51
"PP_2","s49",1003639.35
"PP_2","s50",1006692.41
"PP_2","s51",990396.43
"PP_2","s52",990826.38
"PP_2","s53",1002002.12
"PP_2","s54",1006845.00
"PP_2","s55",1006888.75
"PP_2","s56",1018813.07
"PP_2","s57",1019759.80
"PP_2","s58",1006237.95
"PP_2","s59",1014056.83
"PP_2","s60",998240.20
"PP_2","s61",1003639.35
"PP_2","s62",1005043.02
"PP_2","s63",1013191.23
"PP_2","s64",992928.30
"PP_2","s65",1014268.25
"PP_2","s66",994392.85
"PP_2","s67",995876.63
"PP_2","s68",1008608.90
"PP_2","s69",991564.08
"PP_2","s70",1014040.58
"PP_2","s71",1018160.52
"PP_2","s72",1056471.17
"PP_2","s73",991882.42
"PP_2","s74",994168.41
"PP_2","s75",1004818.18
"PP_2","s76",987100.50
"PP_2","s77",1011841.52
"PP_2","s78",1017349.51
"PP_2","s79",997849.78
"PP_2","s80",1006397.19
"PP_2","s81",998364.68
"PP_2","s82",998542.27
"PP_2","s83",1006217.51
"PP_2","s84",996244.72
"PP_2","s85",996935.34
"PP_2","s86",985098.61
"PP_2","s87",990928.67
"PP_2","s88",1010857.40
"PP_2","s89",999096.84
"PP_2","s90",1004106.24
"PP_2","s91",988879.42
"PP_2","s92",1014977.75
"PP_2","s93",1004558.75
"PP_2","s94",1020009.57
"PP_2","s95",1007352.68
"PP_2","s96",1001051.76
"PP_2","s97",992913.37
"PP_2","s98",1014782.81
"PP_2","s99",1003639.35
"PP_2","s100",1008738.95
"PP_2","s101",1019597.45
"PP_2","s102",1019560.20
"PP_2","s103",1000450.48
"PP_2","s104",1020099.67
"PP_2","s105",997835.45
"PP_2","s106",998007.19
"PP_2","s107",1021154.99
"PP_2","s108",984972.56
"PP_2","s109",1011938.42
"PP_2","s110",1019303.31
"PP_2","s111",1001227.90
"PP_2","s112",983631.66
"PP_2","s113",997007.76
"PP_2","s114",998601.93
"PP_2","s115",976973.48
"PP_2","s116",998503.61
"PP_2","s117",994192.97
"PP_2","s118",1003920.00
"PP_2","s119",1008660.39
"PP_2","s120",1004227.93
"PP_2","s121",1003639.35
"PP_2","s122",997503.11
"PP_2","s123",990049.38
"PP_2","s124",1002141.21
"PP_2","s125",1009251.73
"PP_2","s126",1006701.27
"PP_2","s127",1004827.60
"PP_2","s128",1001288.33
"PP_2","s129",1008199.82
"PP_2","s130",987082.28
"PP_2","s131",1014574.50
"PP_2","s132",989976.29
"PP_2","s133",987993.92
"PP_2","s134",1008395.56
"PP_2","s135",1081768.67
"PP_2","s136",979477.95
"PP_2","s137",992508.10
"PP_2","s138",1001395.15
"PP_2","s139",1012619.49
"PP_2","s140",1002416.38
"PP_2","s141",1003090.21
"PP_2","s142",1005256.76
"PP_2","s143",1014322.46
"PP_2","s144",1003371.01
"PP_2","s145",998014.08
"PP_2","s146",1012302.59
"PP_2","s147",1021160.09
"PP_2","s148",1022174.12
"PP_2","s149",1024100.01
"PP_2","s150",1004216.38
"PP_2","s151",1012183.68
"PP_2","s152",997077.42
"PP_2","s153",1015677.89
"PP_2","s154",983781.29
"PP_2","s155",1004569.58
"PP_2","s156",1011149.71
"PP_2","s157",1006876.56
"PP_2","s158",994898.02
"PP_2","s159",1006909.42
"PP_2","s160",999480.55
"PP_2","s161",1015904.87
"PP_2","s162",1030022.36
"PP_2","s163",999260.51
"PP_2","s164",999242.46
"PP_2","s165",1009682.96
"PP_2","s166",1010231.77
"PP_2","s167",1000537.36
"PP_2","s168",1001621.54
"PP_2","s169",998530.03
"PP_2","s170",1012968.43
"PP_2","s171",1000996.13
"PP_2","s172",992051.14
"PP_2","s173",998452.95
"PP_2","s174",1000195.74
"PP_2","s175",998084.27
"PP_2","s176",1004495.09
"PP_2","s177",991184.66
"PP_2","s178",1013721.81
"PP_2","s179",999309.27
"PP_2","s180",1004552.49
"PP_2","s181",1070438.68
"PP_2","s182",997664.30
"PP_2","s183",1015824.79
"PP_2","s184",984836.18
"PP_2","s185",1003639.35
"PP_2","s186",1027411.42
"PP_2","s187",1003639.35
"PP_2","s188",998725.26
"PP_2","s189",1017380.84
"PP_2","s190",1011700.78
"PP_2","s191",1006384.54
"PP_2","s192",1034397.88
"PP_2","s193",1005548.56
"PP_2","s194",993687.24
"PP_2","s195",1009780.32
"PP_2","s196",1011551.02
"PP_2","s197",1008390.27
"PP_2","s198",1012564.44
"PP_2","s199",1009415.57
"PP_2","s200",1006126.22
"PP_2","s201",997048.64
"PP_2","s202",992553.24
"PP_2","s203",1004857.88
"PP_2","s204",1011282.69
"PP_2","s205",999065.29
"PP_2","s206",987000.14
"PP_2","s207",991725.50
"PP_2","s208",1003447.27
"PP_2","s209",1004270.74
"PP_2","s210",1000641.86
"PP_2","s211",992202.63
"PP_2","s212",985750.51
"PP_2","s213",1003427.02
"PP_2","s214",1012716.42
"PP_2","s215",1000833.94
"PP_2","s216",980905.17
"PP_2","s217",1000689.27
"PP_2","s218",985692.82
"PP_2","s219",1014309.08
"PP_2","s220",982385.93
"PP_2","s221",1010372.81
"PP_2","s222",984442.00
"PP_2","s223",1017860.41
"PP_2","s224",1000942.25
"PP_2","s225",984188.55
"PP_2","s226",987313.56
"PP_2","s227",988097.75
"PP_2","s228",1000370.45
"PP_2","s229",1001943.41
"PP_2","s230",1012246.36
"PP_2","s231",1005511.51
"PP_2","s232",990052.01
"PP_2","s233",1016887.51
"PP_2","s234",1021382.64
"PP_2","s235",999513.36
"PP_2","s236",993421.45
"PP_2","s237",998766.07
"PP_2","s238",1003841.95
"PP_2","s239",1019641.53
"PP_2","s240",1001989.42
"PP_2","s241",1001792.16
"PP_2","s242",1005107.48
"PP_2","s243",1000081.72
"PP_2","s244",993981.47
"PP_2","s245",999297.22
"PP_2","s246",1017515.50
"PP_2","s247",1011196.82
"PP_2","s248",1010511.70
"PP_2","s249",1015743.45
"PP_2","s250",1005566.86
"PP_3","s1",999620.76
"PP_3","s2",1011673.49
"PP_3","s3",1002622.48
"PP_3","s4",994161.61
"PP_3","s5",989063.97
"PP_3","s6",1004201.55
"PP_3","s7",993786.03
"PP_3","s8",999937.90
"PP_3","s9",1004152.59
"PP_3","s10",993356.73
"PP_3","s11",998066.33
"PP_3","s12",1014348.74
"PP_3","s13",990234.49
"PP_3","s14",992948.65
"PP_3","s15",1007384.61
"PP_3","s16",1010436.69
"PP_3","s17",985041.98
"PP_3","s18",1000038.53
"PP_3","s19",1019175.31
"PP_3","s20",1003099.41
"PP_3","s21",979520.95
"PP_3","s22",1006710.89
"PP_3","s23",1007696.45
"PP_3","s24",1004884.33
"PP_3","s25",1010794.93
"PP_3","s26",1003901.06
"PP_3","s27",1002820.55
"PP_3","s28",999492.87
"PP_3","s29",992252.26
"PP_3","s30",1007295.55
"PP_3","s31",1023716.77
"PP_3","s32",1016731.97
"PP_3","s33",1019487.19
"PP_3","s34",1002870.79
"PP_3","s35",981095.49
"PP_3","s36",1000990.89
"PP_3","s37",1009443.97
"PP_3","s38",1003321.05
"PP_3","s39",981134.33
"PP_3","s40",1024971.00
"PP_3","s41",1002207.33
"PP_3","s42",1008411.79
"PP_3","s43",1023745.52
"PP_3","s44",1068876.35
"PP_3","s45",1013825.35
"PP_3","s46",1008236.00
"PP_3","s47",1003136.65
"PP_3","s48",996323.24
"PP_3","s49",1004636.47
"PP_3","s50",1015077.54
"PP_3","s51",976634.01
"PP_3","s52",986995.36
"PP_3","s53",1001115.23
"PP_3","s54",1012769.45
"PP_3","s55",1009404.98
"PP_3","s56",1021778.91
"PP_3","s57",1031279.02
"PP_3","s58",1002047.41
"PP_3","s59",1021714.71
"PP_3","s60",1005416.43
"PP_3","s61",1008924.89
"PP_3","s62",1006809.59
"PP_3","s63",1017045.82
"PP_3","s64",998400.60
"PP_3","s65",1012190.98
"PP_3","s66",980836.16
"PP_3","s67",998089.81
"PP_3","s68",1021643.42
"PP_3","s69",984634.26
"PP_3","s70",1020713.69
"PP_3","s71",1029954.40
"PP_3","s72",1095477.14
"PP_3","s73",994148.06
"PP_3","s74",989699.58
"PP_3","s75",1002503.10
"PP_3","s76",974316.82
"PP_3","s77",1020452.29
"PP_3","s78",1027755.79
"PP_3","s79",997056.09
"PP_3","s80",1006201.51
"PP_3","s81",1006383.35
"PP_3","s82",989923.13
"PP_3","s83",1012914.07
"PP_3","s84",996153.77
"PP_3","s85",987116.72
"PP_3","s86",978204.51
"PP_3","s87",981857.50
"PP_3","s88",1018552.43
"PP_3","s89",1002957.93
"PP_3","s90",1002321.56
"PP_3","s91",984004.06
"PP_3","s92",1026241.30
"PP_3","s93",1004152.59
"PP_3","s94",1022130.32
"PP_3","s95",1012032.22
"PP_3","s96",996692.81
"PP_3","s97",985935.46
"PP_3","s98",1022443.19
"PP_3","s99",993602.85
"PP_3","s100",1011536.47
"PP_3","s101",1023263.15
"PP_3","s102",1029149.72
"PP_3","s103",992506.73
"PP_3","s104",1033338.33
"PP_3","s105",1001291.74
"PP_3","s106",999631.11
"PP_3","s107",1031592.83
"PP_3","s108",978477.38
"PP_3","s109",1018166.90
"PP_3","s110",1029767.87
"PP_3","s111",996365.13
"PP_3","s112",979822.04
"PP_3","s113",1009269.60
"PP_3","s114",995480.85
"PP_3","s115",973125.00
"PP_3","s116",1000885.89
"PP_3","s117",997475.84
"PP_3","s118",1006251.93
"PP_3","s119",1018076.03
"PP_3","s120",1006332.62
"PP_3","s121",998840.35
"PP_3","s122",994255.28
"PP_3","s123",987685.90
"PP_3","s124",1000012.88
"PP_3","s125",1006893.10
"PP_3","s126",1016899.89
"PP_3","s127",991410.60
"PP_3","s128",1006829.99
"PP_3","s129",1010092.31
"PP_3","s130",981471.74
"PP_3","s131",1008526.73
"PP_3","s132",981262.93
"PP_3","s133",977554.05
"PP_3","s134",1010793.43
"PP_3","s135",1138553.65
"PP_3","s136",968601.81
"PP_3","s137",992197.09
"PP_3","s138",999774.81
"PP_3","s139",1009570.86
"PP_3","s140",1005769.59
"PP_3","s141",1003290.70
"PP_3","s142",1004291.53
"PP_3","s143",1019517.68
"PP_3","s144",1009566.05
"PP_3","s145",995563.00
"PP_3","s146",1011786.47
"PP_3","s147",1029526.80
"PP_3","s148",1030567.31
"PP_3","s149",1033023.14
"PP_3","s150",1004921.92
"PP_3","s151",1001265.61
"PP_3","s152",991785.59
"PP_3","s153",1011963.36
"PP_3","s154",976417.07
"PP_3","s155",1004152.59
"PP_3","s156",1019975.11
"PP_3","s157",1020334.66
"PP_3","s158",984840.67
"PP_3","s159",1007442.00
"PP_3","s160",1001812.22
"PP_3","s161",1026463.25
"PP_3","s162",1040295.42
"PP_3","s163",992551.66
"PP_3","s164",1000808.09
"PP_3","s165",1007558.79
"PP_3","s166",1003928.68
"PP_3","s167",1002721.47
"PP_3","s168",1006083.01
"PP_3","s169",998038.83
"PP_3","s170",1024073.00
"PP_3","s171",989687.03
"PP_3","s172",993482.75
"PP_3","s173",993680.62
"PP_3","s174",992522.96
"PP_3","s175",1005103.28
"PP_3","s176",1007340.83
"PP_3","s177",989937.13
"PP_3","s178",1018474.09
"PP_3","s179",1002860.10
"PP_3","s180",1005180.03
"PP_3","s181",1103880.47
"PP_3","s182",996789.09
"PP_3","s183",1028449.55
"PP_3","s184",983366.78
"PP_3","s185",1002837.94
"PP_3","s186",1034938.21
"PP_3","s187",1003033.84
"PP_3","s188",998430.20
"PP_3","s189",1024618.37
"PP_3","s190",1013838.01
"PP_3","s191",1005975.66
"PP_3","s192",1026474.62
"PP_3","s193",997388.57
"PP_3","s194",988702.73
"PP_3","s195",1009699.99
"PP_3","s196",1014109.37
"PP_3","s197",1011151.41
"PP_3","s198",1025993.53
"PP_3","s199",1010445.09
"PP_3","s200",1009697.91
"PP_3","s201",1002360.63
"PP_3","s202",992235.37
"PP_3","s203",1015466.93
"PP_3","s204",1019241.48
"PP_3","s205",1001901.64
"PP_3","s206",979808.39
"PP_3","s207",983391.37
"PP_3","s208",996622.98
"PP_3","s209",1005538.65
"PP_3","s210",990165.32
"PP_3","s211",998763.20
"PP_3","s212",981187.10
"PP_3","s213",1004152.59
"PP_3","s214",1020022.09
"PP_3","s215",985843.35
"PP_3","s216",974957.16
"PP_3","s217",1002627.66
"PP_3","s218",974622.47
"PP_3","s219",1008505.64
"PP_3","s220",976401.77
"PP_3","s221",1022417.11
"PP_3","s222",979539.60
"PP_3","s223",1027598.32
"PP_3","s224",1005056.85
"PP_3","s225",978344.30
"PP_3","s226",980188.30
"PP_3","s227",983475.90
"PP_3","s228",1003445.09
"PP_3","s229",1000333.70
"PP_3","s230",1024348.02
"PP_3","s231",1004006.17
"PP_3","s232",980312.04
"PP_3","s233",1027755.00
"PP_3","s234",1025976.20
"PP_3","s235",993782.57
"PP_3","s236",1013212.89
"PP_3","s237",1006607.38
"PP_3","s238",1002169.35
"PP_3","s239",1030342.67
"PP_3","s240",1004519.61
"PP_3","s241",1002779.65
"PP_3","s242",1009003.81
"PP_3","s243",1004611.12
"PP_3","s244",989847.34
"PP_3","s245",999198.83
"PP_3","s246",1025337.71
"PP_3","s247",1009234.42
"PP_3","s248",1014578.77
"PP_3","s249",1026446.63
"PP_3","s250",1004604.96
"PP_4","s1",1001849.98
"PP_4","s2",1011224.67
"PP_4","s3",1004487.40
"PP_4","s4",990010.84
"PP_4","s5",986257.10
"PP_4","s6",998529.29
"PP_4","s7",998332.62
"PP_4","s8",1006605.76
"PP_4","s9",1002226.57
"PP_4","s10",992169.21
"PP_4","s11",1003526.16
"PP_4","s12",1011154.09
"PP_4","s13",985033.40
"PP_4","s14",981473.33
"PP_4","s15",1015565.90
"PP_4","s16",1005156.69
"PP_4","s17",977127.59
"PP_4","s18",1006898.82
"PP_4","s19",1028751.21
"PP_4","s20",1002786.39
"PP_4","s21",977097.70
"PP_4","s22",1005867.30
"PP_4","s23",1003215.15
"PP_4","s24",1004598.78
"PP_4","s25",1007975.96
"PP_4","s26",1003423.74
"PP_4","s27",1004763.27
"PP_4","s28",991632.39
"PP_4","s29",985504.80
"PP_4","s30",1004943.19
"PP_4","s31",1030552.76
"PP_4","s32",1014268.39
"PP_4","s33",1022322.52
"PP_4","s34",1001978.58
"PP_4","s35",980121.46
"PP_4","s36",1004258.10
"PP_4","s37",1007613.43
"PP_4","s38",1003896.33
"PP_4","s39",972435.06
"PP_4","s40",1034979.99
"PP_4","s41",999305.50
"PP_4","s42",1002002.93
"PP_4","s43",1029233.53
"PP_4","s44",1079974.16
"PP_4","s45",1014069.32
"PP_4","s46",1008622.90
"PP_4","s47",1006826.56
"PP_4","s48",988102.78
"PP_4","s49",1006525.14
"PP_4","s50",1020146.99
"PP_4","s51",966238.41
"PP_4","s52",985288.46
"PP_4","s53",999081.34
"PP_4","s54",1017677.00
"PP_4","s55",1007974.92
"PP_4","s56",1023936.39
"PP_4","s57",1036072.31
"PP_4","s58",999662.51
"PP_4","s59",1022258.48
"PP_4","s60",1013886.04
"PP_4","s61",1011478.18
"PP_4","s62",1004950.86
"PP_4","s63",1019687.84
"PP_4","s64",1003459.70
"PP_4","s65",1011634.12
"PP_4","s66",970480.34
"PP_4","s67",1000793.31
"PP_4","s68",1034635.20
"PP_4","s69",979027.55
"PP_4","s70",1025102.49
"PP_4","s71",1034800.45
"PP_4","s72",1119939.30
"PP_4","s73",999159.44
"PP_4","s74",983214.81
"PP_4","s75",998493.10
"PP_4","s76",969391.81
"PP_4","s77",1026107.98
"PP_4","s78",1035236.85
"PP_4","s79",997873.56
"PP_4","s80",1005366.35
"PP_4","s81",1013649.72
"PP_4","s82",977743.88
"PP_4","s83",1019673.11
"PP_4","s84",999304.51
"PP_4","s85",978220.04
"PP_4","s86",976962.89
"PP_4","s87",976903.72
"PP_4","s88",1020490.08
"PP_4","s89",1006536.98
"PP_4","s90",1000996.46
"PP_4","s91",981125.84
"PP_4","s92",1034985.32
"PP_4","s93",1002735.99
"PP_4","s94",1018872.31
"PP_4","s95",1013251.54
"PP_4","s96",991727.50
"PP_4","s97",981890.52
"PP_4","s98",1025467.74
"PP_4","s99",976147.80
"PP_4","s100",1011923.59
"PP_4","s101",1023147.76
"PP_4","s102",1034429.19
"PP_4","s103",986316.05
"PP_4","s104",1041126.31
"PP_4","s105",1007650.52
"PP_4","s106",1001600.92
"PP_4","s107",1036251.19
"PP_4","s108",977955.06
"PP_4","s109",1022683.46
"PP_4","s110",1036595.07
"PP_4","s111",989490.26
"PP_4","s112",978901.13
"PP_4","s113",1025129.14
"PP_4","s114",993812.61
"PP_4","s115",972600.01
"PP_4","s116",1005045.30
"PP_4","s117",1004300.54
"PP_4","s118",1006076.43
"PP_4","s119",1025892.83
"PP_4","s120",1010360.30
"PP_4","s121",992806.88
"PP_4","s122",990370.36
"PP_4","s123",985333.78
"PP_4","s124",993807.25
"PP_4","s125",1001297.25
"PP_4","s126",1029364.86
"PP_4","s127",980153.69
"PP_4","s128",1014254.33
"PP_4","s129",1007085.63
"PP_4","s130",978006.65
"PP_4","s131",999395.35
"PP_4","s132",976707.69
"PP_4","s133",968709.44
"PP_4","s134",1010659.74
"PP_4","s135",1181229.15
"PP_4","s136",965442.16
"PP_4","s137",992822.22
"PP_4","s138",997602.37
"PP_4","s139",1003562.18
"PP_4","s140",1009867.33
"PP_4","s141",1005484.68
"PP_4","s142",1004784.55
"PP_4","s143",1021121.67
"PP_4","s144",1011665.35
"PP_4","s145",997047.10
"PP_4","s146",1010428.30
"PP_4","s147",1034415.03
"PP_4","s148",1035960.82
"PP_4","s149",1036579.71
"PP_4","s150",1005760.72
"PP_4","s151",984113.68
"PP_4","s152",989106.79
"PP_4","s153",1006380.46
"PP_4","s154",972762.95
"PP_4","s155",1001311.03
"PP_4","s156",1026974.56
"PP_4","s157",1033285.19
"PP_4","s158",980749.50
"PP_4","s159",1004723.22
"PP_4","s160",1004102.57
"PP_4","s161",1034979.88
"PP_4","s162",1043750.51
"PP_4","s163",986207.19
"PP_4","s164",1004996.00
"PP_4","s165",1002109.98
"PP_4","s166",1000112.08
"PP_4","s167",1002891.17
"PP_4","s168",1010498.77
"PP_4","s169",999367.26
"PP_4","s170",1034479.63
"PP_4","s171",977547.76
"PP_4","s172",997848.39
"PP_4","s173",993524.64
"PP_4","s174",986046.80
"PP_4","s175",1013417.73
"PP_4","s176",1008659.02
"PP_4","s177",992524.97
"PP_4","s178",1017333.94
"PP_4","s179",999453.04
"PP_4","s180",1005592.82
"PP_4","s181",1121735.20
"PP_4","s182",995940.27
"PP_4","s183",1034984.47
"PP_4","s184",982762.75
"PP_4","s185",1000838.89
"PP_4","s186",1033840.89
"PP_4","s187",998664.63
"PP_4","s188",999310.42
"PP_4","s189",1026635.64
"PP_4","s190",1014142.18
"PP_4","s191",1007486.47
"PP_4","s192",1006044.63
"PP_4","s193",984277.01
"PP_4","s194",985434.28
"PP_4","s195",1010592.30
"PP_4","s196",1012950.64
"PP_4","s197",1010833.52
"PP_4","s198",1034936.16
"PP_4","s199",1006719.26
"PP_4","s200",1011775.30
"PP_4","s201",1007502.06
"PP_4","s202",995108.75
"PP_4","s203",1036603.15
"PP_4","s204",1024093.30
"PP_4","s205",1004784.55
"PP_4","s206",974940.81
"PP_4","s207",978371.00
"PP_4","s208",989552.73
"PP_4","s209",1007241.63
"PP_4","s210",977868.23
"PP_4","s211",1007442.62
"PP_4","s212",979636.96
"PP_4","s213",1005015.22
"PP_4","s214",1027298.99
"PP_4","s215",973059.26
"PP_4","s216",970805.65
"PP_4","s217",1005449.30
"PP_4","s218",968772.47
"PP_4","s219",1000766.90
"PP_4","s220",976427.42
"PP_4","s221",1034315.14
"PP_4","s222",977604.29
"PP_4","s223",1032841.76
"PP_4","s224",1009011.11
"PP_4","s225",973413.96
"PP_4","s226",975733.35
"PP_4","s227",984113.37
"PP_4","s228",1006550.52
"PP_4","s229",1000297.91
"PP_4","s230",1034980.14
"PP_4","s231",1002053.33
"PP_4","s232",969642.18
"PP_4","s233",1035883.18
"PP_4","s234",1026247.74
"PP_4","s235",988559.28
"PP_4","s236",1024799.23
"PP_4","s237",1016411.10
"PP_4","s238",997879.76
"PP_4","s239",1036850.79
"PP_4","s240",1005871.63
"PP_4","s241",1003935.91
"PP_4","s242",1013116.78
"PP_4","s243",1008513.43
"PP_4","s244",984969.37
"PP_4","s245",1003401.14
"PP_4","s246",1030610.09
"PP_4","s247",1005353.16
"PP_4","s248",1015692.74
"PP_4","s249",1034982.71
"PP_4","s250",1003252.92
"PP_5","s1",1008289.45
"PP_5","s2",1016100.54
"PP_5","s3",999035.95
"PP_5","s4",989125.79
"PP_5","s5",984118.01
"PP_5","s6",991732.81
"PP_5","s7",1002304.51
"PP_5","s8",1013452.30
"PP_5","s9",996575.03
"PP_5","s10",996018.46
"PP_5","s11",1009880.82
"PP_5","s12",1015193.16
"PP_5","s13",980460.48
"PP_5","s14",980699.56
"PP_5","s15",1020100.62
"PP_5","s16",997852.13
"PP_5","s17",973736.57
"PP_5","s18",1009387.77
"PP_5","s19",1032558.90
"PP_5","s20",996863.79
"PP_5","s21",976082.63
"PP_5","s22",998725.76
"PP_5","s23",997410.05
"PP_5","s24",1005965.61
"PP_5","s25",1001417.95
"PP_5","s26",1010849.23
"PP_5","s27",1011246.43
"PP_5","s28",993205.38
"PP_5","s29",987257.81
"PP_5","s30",1008061.81
"PP_5","s31",1033845.45
"PP_5","s32",1018778.40
"PP_5","s33",1024351.69
"PP_5","s34",996982.43
"PP_5","s35",979490.55
"PP_5","s36",1011535.96
"PP_5","s37",1012971.59
"PP_5","s38",997267.97
"PP_5","s39",968978.54
"PP_5","s40",1037975.36
"PP_5","s41",998614.17
"PP_5","s42",994623.49
"PP_5","s43",1033008.19
"PP_5","s44",1075231.54
"PP_5","s45",1015713.82
"PP_5","s46",1015289.88
"PP_5","s47",1004238.81
"PP_5","s48",982286.70
"PP_5","s49",1013831.29
"PP_5","s50",1023399.83
"PP_5","s51",960685.19
"PP_5","s52",984331.36
"PP_5","s53",992140.84
"PP_5","s54",1016949.40
"PP_5","s55",1012774.28
"PP_5","s56",1027091.37
"PP_5","s57",1037305.03
"PP_5","s58",1002336.33
"PP_5","s59",1025655.65
"PP_5","s60",1017834.36
"PP_5","s61",1005897.97
"PP_5","s62",997555.48
"PP_5","s63",1024785.24
"PP_5","s64",1010706.51
"PP_5","s65",1008028.25
"PP_5","s66",968359.16
"PP_5","s67",1006012.34
"PP_5","s68",1037530.65
"PP_5","s69",978688.70
"PP_5","s70",1025445.99
"PP_5","s71",1036258.49
"PP_5","s72",1152684.19
"PP_5","s73",1006960.34
"PP_5","s74",980603.72
"PP_5","s75",1001873.50
"PP_5","s76",969335.69
"PP_5","s77",1030138.25
"PP_5","s78",1036767.26
"PP_5","s79",994524.99
"PP_5","s80",1000833.11
"PP_5","s81",1019908.13
"PP_5","s82",974638.29
"PP_5","s83",1018427.12
"PP_5","s84",996287.29
"PP_5","s85",974457.15
"PP_5","s86",977264.93
"PP_5","s87",973449.26
"PP_5","s88",1024125.81
"PP_5","s89",1012126.39
"PP_5","s90",993922.31
"PP_5","s91",978584.36
"PP_5","s92",1035909.40
"PP_5","s93",1009665.73
"PP_5","s94",1022726.82
"PP_5","s95",1010285.69
"PP_5","s96",988098.80
"PP_5","s97",979869.69
"PP_5","s98",1027752.06
"PP_5","s99",967159.44
"PP_5","s100",1017033.84
"PP_5","s101",1020792.88
"PP_5","s102",1037266.05
"PP_5","s103",979732.17
"PP_5","s104",1043254.32
"PP_5","s105",1005872.80
"PP_5","s106",994780.47
"PP_5","s107",1037532.38
"PP_5","s108",976518.70
"PP_5","s109",1027393.96
"PP_5","s110",1037975.32
"PP_5","s111",983853.00
"PP_5","s112",977318.13
"PP_5","s113",1025387.70
"PP_5","s114",990904.19
"PP_5","s115",970411.22
"PP_5","s116",1012213.31
"PP_5","s117",1010547.57
"PP_5","s118",1011655.44
"PP_5","s119",1030155.74
"PP_5","s120",1015042.13
"PP_5","s121",985822.49
"PP_5","s122",990214.33
"PP_5","s123",985084.62
"PP_5","s124",1001071.83
"PP_5","s125",1000990.72
"PP_5","s126",1035031.25
"PP_5","s127",978176.27
"PP_5","s128",1021336.02
"PP_5","s129",1000267.02
"PP_5","s130",976414.32
"PP_5","s131",990461.10
"PP_5","s132",972392.12
"PP_5","s133",963717.23
"PP_5","s134",1015052.08
"PP_5","s135",1211202.55
"PP_5","s136",964311.51
"PP_5","s137",985480.28
"PP_5","s138",991970.90
"PP_5","s139",1008148.20
"PP_5","s140",1014995.99
"PP_5","s141",1001146.42
"PP_5","s142",999251.38
"PP_5","s143",1024600.05
"PP_5","s144",1016992.84
"PP_5","s145",1005235.44
"PP_5","s146",1006284.84
"PP_5","s147",1035884.01
"PP_5","s148",1037235.84
"PP_5","s149",1037945.42
"PP_5","s150",1010682.37
"PP_5","s151",980561.50
"PP_5","s152",981732.51
"PP_5","s153",999394.02
"PP_5","s154",968918.31
"PP_5","s155",999178.28
"PP_5","s156",1029703.92
"PP_5","s157",1036515.34
"PP_5","s158",975150.52
"PP_5","s159",997264.98
"PP_5","s160",1011421.32
"PP_5","s161",1037975.10
"PP_5","s162",1044057.81
"PP_5","s163",979313.17
"PP_5","s164",1001749.02
"PP_5","s165",993936.52
"PP_5","s166",991376.36
"PP_5","s167",996997.32
"PP_5","s168",1015529.55
"PP_5","s169",996788.39
"PP_5","s170",1037334.14
"PP_5","s171",974374.36
"PP_5","s172",1005855.48
"PP_5","s173",989516.35
"PP_5","s174",983750.33
"PP_5","s175",1019332.40
"PP_5","s176",1004371.36
"PP_5","s177",988027.82
"PP_5","s178",1013368.62
"PP_5","s179",1002338.43
"PP_5","s180",1012583.28
"PP_5","s181",1111146.33
"PP_5","s182",991249.87
"PP_5","s183",1037974.41
"PP_5","s184",990606.54
"PP_5","s185",1003504.58
"PP_5","s186",1034447.96
"PP_5","s187",999592.57
"PP_5","s188",1000754.52
"PP_5","s189",1024871.11
"PP_5","s190",1018616.01
"PP_5","s191",1014345.74
"PP_5","s192",1011647.36
"PP_5","s193",980291.97
"PP_5","s194",981443.20
"PP_5","s195",1016065.47
"PP_5","s196",1007771.16
"PP_5","s197",1013368.78
"PP_5","s198",1037886.39
"PP_5","s199",1012254.51
"PP_5","s200",1016259.02
"PP_5","s201",1002891.37
"PP_5","s202",990263.80
"PP_5","s203",1037975.36
"PP_5","s204",1027218.89
"PP_5","s205",1009508.00
"PP_5","s206",971370.99
"PP_5","s207",974307.51
"PP_5","s208",990356.93
"PP_5","s209",1000480.78
"PP_5","s210",974402.46
"PP_5","s211",1012368.50
"PP_5","s212",976532.60
"PP_5","s213",1011140.01
"PP_5","s214",1026094.09
"PP_5","s215",967664.13
"PP_5","s216",966952.15
"PP_5","s217",1010090.97
"PP_5","s218",964352.08
"PP_5","s219",992221.65
"PP_5","s220",971668.91
"PP_5","s221",1037351.76
"PP_5","s222",974901.83
"PP_5","s223",1033182.60
"PP_5","s224",1015638.79
"PP_5","s225",970790.34
"PP_5","s226",974132.05
"PP_5","s227",982498.83
"PP_5","s228",1013302.65
"PP_5","s229",991613.66
"PP_5","s230",1037975.20
"PP_5","s231",1007359.52
"PP_5","s232",964789.09
"PP_5","s233",1037070.42
"PP_5","s234",1029074.39
"PP_5","s235",987117.71
"PP_5","s236",1028885.88
"PP_5","s237",1017687.58
"PP_5","s238",991721.68
"PP_5","s239",1038188.04
"PP_5","s240",1009741.76
"PP_5","s241",998091.87
"PP_5","s242",1018562.21
"PP_5","s243",1013646.62
"PP_5","s244",989166.47
"PP_5","s245",997622.27
"PP_5","s246",1033420.70
"PP_5","s247",1001352.17
"PP_5","s248",1020000.94
"PP_5","s249",1037971.53
"PP_5","s250",1009182.15
"PP_6","s1",1013545.55
"PP_6","s2",1021183.67
"PP_6","s3",993065.05
"PP_6","s4",989433.04
"PP_6","s5",981795.09
"PP_6","s6",986244.80
"PP_6","s7",1006476.54
"PP_6","s8",1018962.03
"PP_6","s9",990162.80
"PP_6","s10",999133.37
"PP_6","s11",1015066.02
"PP_6","s12",1019493.57
"PP_6","s13",977457.61
"PP_6","s14",981317.20
"PP_6","s15",1023284.10
"PP_6","s16",991667.84
"PP_6","s17",972066.83
"PP_6","s18",1010792.85
"PP_6","s19",1034624.34
"PP_6","s20",990505.12
"PP_6","s21",975081.15
"PP_6","s22",992698.94
"PP_6","s23",991146.07
"PP_6","s24",1007941.75
"PP_6","s25",995875.99
"PP_6","s26",1016986.00
"PP_6","s27",1016460.65
"PP_6","s28",995770.20
"PP_6","s29",990172.48
"PP_6","s30",1011682.65
"PP_6","s31",1035616.96
"PP_6","s32",1023428.37
"PP_6","s33",1026437.57
"PP_6","s34",993082.10
"PP_6","s35",978759.23
"PP_6","s36",1017512.44
"PP_6","s37",1018607.32
"PP_6","s38",991780.55
"PP_6","s39",967394.65
"PP_6","s40",1039023.36
"PP_6","s41",997259.39
"PP_6","s42",988487.77
"PP_6","s43",1034957.04
"PP_6","s44",1069264.69
"PP_6","s45",1017682.85
"PP_6","s46",1020594.74
"PP_6","s47",1000883.59
"PP_6","s48",978027.50
"PP_6","s49",1019406.79
"PP_6","s50",1026697.36
"PP_6","s51",957318.40
"PP_6","s52",983145.02
"PP_6","s53",984936.75
"PP_6","s54",1016587.67
"PP_6","s55",1017881.41
"PP_6","s56",1030179.15
"PP_6","s57",1038232.20
"PP_6","s58",1005696.12
"PP_6","s59",1029026.14
"PP_6","s60",1020428.20
"PP_6","s61",1001162.90
"PP_6","s62",991317.71
"PP_6","s63",1028290.17
"PP_6","s64",1016675.84
"PP_6","s65",1003678.22
"PP_6","s66",966518.77
"PP_6","s67",1010178.37
"PP_6","s68",1038498.49
"PP_6","s69",977941.38
"PP_6","s70",1025869.18
"PP_6","s71",1037440.23
"PP_6","s72",1180686.53
"PP_6","s73",1013590.95
"PP_6","s74",979492.67
"PP_6","s75",1005930.36
"PP_6","s76",969113.15
"PP_6","s77",1032422.88
"PP_6","s78",1037597.50
"PP_6","s79",990721.39
"PP_6","s80",997266.73
"PP_6","s81",1024346.38
"PP_6","s82",973226.61
"PP_6","s83",1015995.69
"PP_6","s84",994321.49
"PP_6","s85",972415.08
"PP_6","s86",973882.92
"PP_6","s87",971735.06
"PP_6","s88",1027772.22
"PP_6","s89",1018016.86
"PP_6","s90",987029.70
"PP_6","s91",977601.69
"PP_6","s92",1036585.00
"PP_6","s93",1015357.03
"PP_6","s94",1026626.16
"PP_6","s95",1007955.98
"PP_6","s96",983885.83
"PP_6","s97",977782.66
"PP_6","s98",1029984.26
"PP_6","s99",965463.37
"PP_6","s100",1021913.57
"PP_6","s101",1018743.71
"PP_6","s102",1038186.19
"PP_6","s103",973243.17
"PP_6","s104",1043311.51
"PP_6","s105",1002913.18
"PP_6","s106",988042.52
"PP_6","s107",1038505.44
"PP_6","s108",975222.92
"PP_6","s109",1030427.62
"PP_6","s110",1039023.33
"PP_6","s111",979720.48
"PP_6","s112",975745.56
"PP_6","s113",1024166.75
"PP_6","s114",987634.24
"PP_6","s115",970011.11
"PP_6","s116",1018087.09
"PP_6","s117",1015553.64
"PP_6","s118",1017410.19
"PP_6","s119",1032660.70
"PP_6","s120",1019968.64
"PP_6","s121",980328.86
"PP_6","s122",991195.21
"PP_6","s123",983919.86
"PP_6","s124",1008909.41
"PP_6","s125",1001501.23
"PP_6","s126",1036627.79
"PP_6","s127",977751.21
"PP_6","s128",1025504.35
"PP_6","s129",994500.11
"PP_6","s130",974852.24
"PP_6","s131",982944.56
"PP_6","s132",969876.51
"PP_6","s133",959234.27
"PP_6","s134",1019698.34
"PP_6","s135",1234788.89
"PP_6","s136",963547.90
"PP_6","s137",978099.48
"PP_6","s138",987596.00
"PP_6","s139",1013185.75
"PP_6","s140",1020355.99
"PP_6","s141",995555.82
"PP_6","s142",993296.75
"PP_6","s143",1028072.17
"PP_6","s144",1021978.14
"PP_6","s145",1012301.79
"PP_6","s146",1001620.59
"PP_6","s147",1036555.04
"PP_6","s148",1038211.69
"PP_6","s149",1038988.02
"PP_6","s150",1015969.65
"PP_6","s151",978542.89
"PP_6","s152",975982.62
"PP_6","s153",993487.66
"PP_6","s154",966035.01
"PP_6","s155",997982.52
"PP_6","s156",1032302.81
"PP_6","s157",1037837.30
"PP_6","s158",971312.12
"PP_6","s159",990974.85
"PP_6","s160",1017450.71
"PP_6","s161",1039022.91
"PP_6","s162",1043896.14
"PP_6","s163",974099.25
"PP_6","s164",997953.10
"PP_6","s165",987053.13
"PP_6","s166",984024.75
"PP_6","s167",990658.95
"PP_6","s168",1020779.14
"PP_6","s169",993730.89
"PP_6","s170",1038266.57
"PP_6","s171",972904.88
"PP_6","s172",1011278.10
"PP_6","s173",985351.21
"PP_6","s174",981286.28
"PP_6","s175",1023878.48
"PP_6","s176",999368.28
"PP_6","s177",983310.84
"PP_6","s178",1009981.21
"PP_6","s179",1005902.78
"PP_6","s180",1018396.15
"PP_6","s181",1098464.04
"PP_6","s182",986389.49
"PP_6","s183",1039022.26
"PP_6","s184",997744.05
"PP_6","s185",1006821.98
"PP_6","s186",1034860.14
"PP_6","s187",1001344.83
"PP_6","s188",1001455.07
"PP_6","s189",1023266.05
"PP_6","s190",1023235.71
"PP_6","s191",1019837.19
"PP_6","s192",1017564.85
"PP_6","s193",980149.31
"PP_6","s194",978973.97
"PP_6","s195",1020240.73
"PP_6","s196",1003374.80
"PP_6","s197",1016268.62
"PP_6","s198",1038950.90
"PP_6","s199",1018082.01
"PP_6","s200",1020956.99
"PP_6","s201",997619.72
"PP_6","s202",985267.24
"PP_6","s203",1039023.36
"PP_6","s204",1030280.52
"PP_6","s205",1014638.28
"PP_6","s206",969602.60
"PP_6","s207",971979.13
"PP_6","s208",992128.15
"PP_6","s209",994770.31
"PP_6","s210",972649.37
"PP_6","s211",1014691.91
"PP_6","s212",973665.85
"PP_6","s213",1017223.58
"PP_6","s214",1025000.56
"PP_6","s215",964244.06
"PP_6","s216",964077.02
"PP_6","s217",1014018.28
"PP_6","s218",961972.55
"PP_6","s219",985022.46
"PP_6","s220",968738.98
"PP_6","s221",1038461.05
"PP_6","s222",972526.15
"PP_6","s223",1033366.68
"PP_6","s224",1020860.23
"PP_6","s225",968034.44
"PP_6","s226",974190.22
"PP_6","s227",980759.66
"PP_6","s228",1018713.05
"PP_6","s229",984304.88
"PP_6","s230",1039023.17
"PP_6","s231",1012727.81
"PP_6","s232",961921.49
"PP_6","s233",1037955.30
"PP_6","s234",1031792.07
"PP_6","s235",985392.06
"PP_6","s236",1031262.37
"PP_6","s237",1019242.35
"PP_6","s238",986852.97
"PP_6","s239",1039195.93
"PP_6","s240",1014039.83
"PP_6","s241",991950.79
"PP_6","s242",1022554.97
"PP_6","s243",1019048.64
"PP_6","s244",994388.64
"PP_6","s245",991396.56
"PP_6","s246",1034424.51
"PP_6","s247",998285.25
"PP_6","s248",1024419.62
"PP_6","s249",1039018.84
"PP_6","s250",1013960.10
"PP_7","s1",1018512.06
"PP_7","s2",1025986.72
"PP_7","s3",987423.13
"PP_7","s4",989723.35
"PP_7","s5",979600.16
"PP_7","s6",981059.17
"PP_7","s7",1010418.70
"PP_7","s8",1024168.20
"PP_7","s9",984103.87
"PP_7","s10",1002076.65
"PP_7","s11",1019965.52
"PP_7","s12",1023557.04
"PP_7","s13",974620.19
"PP_7","s14",981900.81
"PP_7","s15",1026292.17
"PP_7","s16",985824.30
"PP_7","s17",970489.09
"PP_7","s18",1012120.52
"PP_7","s19",1036575.98
"PP_7","s20",984496.81
"PP_7","s21",974134.86
"PP_7","s22",987004.19
"PP_7","s23",985227.23
"PP_7","s24",1009809.02
"PP_7","s25",990639.37
"PP_7","s26",1022784.64
"PP_7","s27",1021387.57
"PP_7","s28",998193.70
"PP_7","s29",992926.55
"PP_7","s30",1015103.99
"PP_7","s31",1037290.86
"PP_7","s32",1027822.14
"PP_7","s33",1028408.53
"PP_7","s34",989396.67
"PP_7","s35",978068.21
"PP_7","s36",1023159.63
"PP_7","s37",1023932.53
"PP_7","s38",986595.48
"PP_7","s39",965898.03
"PP_7","s40",1040013.61
"PP_7","s41",995979.26
"PP_7","s42",982690.11
"PP_7","s43",1036798.50
"PP_7","s44",1063626.61
"PP_7","s45",1019543.39
"PP_7","s46",1025607.30
"PP_7","s47",997713.23
"PP_7","s48",974002.98
"PP_7","s49",1024675.08
"PP_7","s50",1029813.20
"PP_7","s51",954137.10
"PP_7","s52",982024.04
"PP_7","s53",978129.60
"PP_7","s54",1016245.86
"PP_7","s55",1022707.15
"PP_7","s56",1033096.81
"PP_7","s57",1039108.29
"PP_7","s58",1008870.79
"PP_7","s59",1032210.92
"PP_7","s60",1022879.12
"PP_7","s61",996688.73
"PP_7","s62",985423.64
"PP_7","s63",1031601.99
"PP_7","s64",1022316.27
"PP_7","s65",999567.87
"PP_7","s66",964779.79
"PP_7","s67",1014114.86
"PP_7","s68",1039413.00
"PP_7","s69",977235.24
"PP_7","s70",1026269.07
"PP_7","s71",1038556.85
"PP_7","s72",1207145.99
"PP_7","s73",1019856.22
"PP_7","s74",978442.83
"PP_7","s75",1009763.69
"PP_7","s76",968902.88
"PP_7","s77",1034581.63
"PP_7","s78",1038381.99
"PP_7","s79",987127.35
"PP_7","s80",993896.85
"PP_7","s81",1028540.10
"PP_7","s82",971892.71
"PP_7","s83",1013698.23
"PP_7","s84",992464.01
"PP_7","s85",970485.53
"PP_7","s86",970687.25
"PP_7","s87",970115.30
"PP_7","s88",1031217.72
"PP_7","s89",1023582.78
"PP_7","s90",980516.87
"PP_7","s91",976673.17
"PP_7","s92",1037223.39
"PP_7","s93",1020734.75
"PP_7","s94",1030310.65
"PP_7","s95",1005754.63
"PP_7","s96",979904.98
"PP_7","s97",975810.62
"PP_7","s98",1032093.48
"PP_7","s99",963860.74
"PP_7","s100",1026524.43
"PP_7","s101",1016807.45
"PP_7","s102",1039055.63
"PP_7","s103",967111.69
"PP_7","s104",1043365.54
"PP_7","s105",1000116.63
"PP_7","s106",981675.81
"PP_7","s107",1039424.89
"PP_7","s108",973998.53
"PP_7","s109",1033294.13
"PP_7","s110",1040013.59
"PP_7","s111",975815.66
"PP_7","s112",974259.65
"PP_7","s113",1023013.07
"PP_7","s114",984544.46
"PP_7","s115",969633.04
"PP_7","s116",1023637.25
"PP_7","s117",1020283.90
"PP_7","s118",1022847.87
"PP_7","s119",1035027.65
"PP_7","s120",1024623.71
"PP_7","s121",975137.93
"PP_7","s122",992122.05
"PP_7","s123",982819.27
"PP_7","s124",1016315.16
"PP_7","s125",1001983.62
"PP_7","s126",1038136.37
"PP_7","s127",977349.57
"PP_7","s128",1029443.02
"PP_7","s129",989050.95
"PP_7","s130",973376.23
"PP_7","s131",975842.17
"PP_7","s132",967499.50
"PP_7","s133",954998.32
"PP_7","s134",1024088.60
"PP_7","s135",1257075.67
"PP_7","s136",962826.36
"PP_7","s137",971125.36
"PP_7","s138",983462.15
"PP_7","s139",1017945.73
"PP_7","s140",1025420.67
"PP_7","s141",990273.25
"PP_7","s142",987670.21
"PP_7","s143",1031352.99
"PP_7","s144",1026688.76
"PP_7","s145",1018978.80
"PP_7","s146",997213.33
"PP_7","s147",1037189.10
"PP_7","s148",1039133.77
"PP_7","s149",1039973.18
"PP_7","s150",1020965.61
"PP_7","s151",976635.50
"PP_7","s152",970549.53
"PP_7","s153",987906.73
"PP_7","s154",963310.57
"PP_7","s155",996852.64
"PP_7","s156",1034758.51
"PP_7","s157",1039086.43
"PP_7","s158",967685.22
"PP_7","s159",985031.30
"PP_7","s160",1023147.90
"PP_7","s161",1040012.98
"PP_7","s162",1043743.38
"PP_7","s163",969172.62
"PP_7","s164",994366.33
"PP_7","s165",980549.01
"PP_7","s166",977078.21
"PP_7","s167",984669.81
"PP_7","s168",1025739.50
"PP_7","s169",990841.85
"PP_7","s170",1039147.61
"PP_7","s171",971516.37
"PP_7","s172",1016401.95
"PP_7","s173",981415.56
"PP_7","s174",978958.00
"PP_7","s175",1028174.07
"PP_7","s176",994640.87
"PP_7","s177",978853.75
"PP_7","s178",1006780.44
"PP_7","s179",1009270.75
"PP_7","s180",1023888.75
"PP_7","s181",1086480.52
"PP_7","s182",981796.90
"PP_7","s183",1040012.37
"PP_7","s184",1004488.30
"PP_7","s185",1009956.59
"PP_7","s186",1035249.61
"PP_7","s187",1003000.54
"PP_7","s188",1002117.02
"PP_7","s189",1021749.42
"PP_7","s190",1027600.88
"PP_7","s191",1025026.07
"PP_7","s192",1023156.30
"PP_7","s193",980014.51
"PP_7","s194",976640.80
"PP_7","s195",1024185.93
"PP_7","s196",999220.66
"PP_7","s197",1019008.68
"PP_7","s198",1039956.76
"PP_7","s199",1023588.44
"PP_7","s200",1025396.11
"PP_7","s201",992638.52
"PP_7","s202",980545.97
"PP_7","s203",1040013.62
"PP_7","s204",1033173.45
"PP_7","s205",1019485.88
"PP_7","s206",967931.65
"PP_7","s207",969779.03
"PP_7","s208",993801.77
"PP_7","s209",989374.47
"PP_7","s210",970992.88
"PP_7","s211",1016887.30
"PP_7","s212",970957.05
"PP_7","s213",1022971.95
"PP_7","s214",1023967.28
"PP_7","s215",961012.42
"PP_7","s216",961360.30
"PP_7","s217",1017729.21
"PP_7","s218",959724.13
"PP_7","s219",978219.93
"PP_7","s220",965970.49
"PP_7","s221",1039509.21
"PP_7","s222",970281.36
"PP_7","s223",1033540.62
"PP_7","s224",1025793.99
"PP_7","s225",965430.38
"PP_7","s226",974245.17
"PP_7","s227",979116.32
"PP_7","s228",1023825.34
"PP_7","s229",977398.79
"PP_7","s230",1040013.39
"PP_7","s231",1017800.33
"PP_7","s232",959211.90
"PP_7","s233",1038791.43
"PP_7","s234",1034360.00
"PP_7","s235",983761.50
"PP_7","s236",1033507.93
"PP_7","s237",1020711.46
"PP_7","s238",982252.51
"PP_7","s239",1040148.30
"PP_7","s240",1018101.09
"PP_7","s241",986148.07
"PP_7","s242",1026327.74
"PP_7","s243",1024153.02
"PP_7","s244",999323.08
"PP_7","s245",985513.88
"PP_7","s246",1035373.01
"PP_7","s247",995387.30
"PP_7","s248",1028594.84
"PP_7","s249",1040008.45
"PP_7","s250",1018474.80
"PP_8","s1",1023380.78
"PP_8","s2",1030695.20
"PP_8","s3",981892.30
"PP_8","s4",990007.94
"PP_8","s5",977448.45
"PP_8","s6",975975.64
"PP_8","s7",1014283.24
"PP_8","s8",1029271.85
"PP_8","s9",978164.24
"PP_8","s10",1004961.98
"PP_8","s11",1024768.55
"PP_8","s12",1027540.50
"PP_8","s13",971838.64
"PP_8","s14",982472.92
"PP_8","s15",1029241.01
"PP_8","s16",980095.81
"PP_8","s17",968942.42
"PP_8","s18",1013422.04
"PP_8","s19",1038489.19
"PP_8","s20",978606.80
"PP_8","s21",973207.20
"PP_8","s22",981421.57
"PP_8","s23",979424.93
"PP_8","s24",1011639.52
"PP_8","s25",985505.86
"PP_8","s26",1028469.12
"PP_8","s27",1026217.48
"PP_8","s28",1000569.49
"PP_8","s29",995626.39
"PP_8","s30",1018457.96
"PP_8","s31",1038931.81
"PP_8","s32",1032129.39
"PP_8","s33",1030340.68
"PP_8","s34",985783.81
"PP_8","s35",977390.80
"PP_8","s36",1028695.62
"PP_8","s37",1029152.89
"PP_8","s38",981512.51
"PP_8","s39",964430.87
"PP_8","s40",1040984.37
"PP_8","s41",994724.34
"PP_8","s42",977006.61
"PP_8","s43",1038603.71
"PP_8","s44",1058099.54
"PP_8","s45",1021367.30
"PP_8","s46",1030521.17
"PP_8","s47",994605.30
"PP_8","s48",970057.70
"PP_8","s49",1029839.65
"PP_8","s50",1032867.69
"PP_8","s51",951018.45
"PP_8","s52",980925.14
"PP_8","s53",971456.48
"PP_8","s54",1015910.79
"PP_8","s55",1027437.86
"PP_8","s56",1035957.01
"PP_8","s57",1039967.12
"PP_8","s58",1011982.95
"PP_8","s59",1035332.99
"PP_8","s60",1025281.79
"PP_8","s61",992302.65
"PP_8","s62",979645.62
"PP_8","s63",1034848.60
"PP_8","s64",1027845.65
"PP_8","s65",995538.46
"PP_8","s66",963075.05
"PP_8","s67",1017973.85
"PP_8","s68",1040309.51
"PP_8","s69",976543.00
"PP_8","s70",1026661.08
"PP_8","s71",1039651.49
"PP_8","s72",1233084.46
"PP_8","s73",1025998.13
"PP_8","s74",977413.67
"PP_8","s75",1013521.54
"PP_8","s76",968696.75
"PP_8","s77",1036697.87
"PP_8","s78",1039151.04
"PP_8","s79",983604.08
"PP_8","s80",990593.32
"PP_8","s81",1032651.24
"PP_8","s82",970585.08
"PP_8","s83",1011446.00
"PP_8","s84",990643.10
"PP_8","s85",968593.97
"PP_8","s86",967554.51
"PP_8","s87",968527.43
"PP_8","s88",1034595.37
"PP_8","s89",1029039.10
"PP_8","s90",974132.27
"PP_8","s91",975762.94
"PP_8","s92",1037849.20
"PP_8","s93",1026006.59
"PP_8","s94",1033922.59
"PP_8","s95",1003596.63
"PP_8","s96",976002.52
"PP_8","s97",973877.42
"PP_8","s98",1034161.17
"PP_8","s99",962289.67
"PP_8","s100",1031044.51
"PP_8","s101",1014909.32
"PP_8","s102",1039907.96
"PP_8","s103",961100.95
"PP_8","s104",1043418.52
"PP_8","s105",997375.14
"PP_8","s106",975434.46
"PP_8","s107",1040326.23
"PP_8","s108",972798.25
"PP_8","s109",1036104.19
"PP_8","s110",1040984.36
"PP_8","s111",971987.73
"PP_8","s112",972802.99
"PP_8","s113",1021882.11
"PP_8","s114",981515.52
"PP_8","s115",969262.42
"PP_8","s116",1029078.12
"PP_8","s117",1024921.01
"PP_8","s118",1028178.48
"PP_8","s119",1037347.99
"PP_8","s120",1029187.12
"PP_8","s121",970049.20
"PP_8","s122",993030.64
"PP_8","s123",981740.35
"PP_8","s124",1023575.10
"PP_8","s125",1002456.51
"PP_8","s126",1039615.24
"PP_8","s127",976955.84
"PP_8","s128",1033304.13
"PP_8","s129",983709.08
"PP_8","s130",971929.28
"PP_8","s131",968879.62
"PP_8","s132",965169.30
"PP_8","s133",950845.78
"PP_8","s134",1028392.41
"PP_8","s135",1278923.63
"PP_8","s136",962119.03
"PP_8","s137",964288.55
"PP_8","s138",979409.69
"PP_8","s139",1022611.99
"PP_8","s140",1030385.62
"PP_8","s141",985094.70
"PP_8","s142",982154.46
"PP_8","s143",1034569.20
"PP_8","s144",1031306.63
"PP_8","s145",1025524.33
"PP_8","s146",992892.84
"PP_8","s147",1037810.67
"PP_8","s148",1040037.70
"PP_8","s149",1040938.94
"PP_8","s150",1025863.20
"PP_8","s151",974765.67
"PP_8","s152",965223.43
"PP_8","s153",982435.69
"PP_8","s154",960639.79
"PP_8","s155",995745.02
"PP_8","s156",1037165.85
"PP_8","s157",1040310.97
"PP_8","s158",964129.72
"PP_8","s159",979204.77
"PP_8","s160",1028732.91
"PP_8","s161",1040983.56
"PP_8","s162",1043593.63
"PP_8","s163",964342.98
"PP_8","s164",990850.18
"PP_8","s165",974172.94
"PP_8","s166",970268.44
"PP_8","s167",978798.60
"PP_8","s168",1030602.18
"PP_8","s169",988009.70
"PP_8","s170",1040011.32
"PP_8","s171",970155.20
"PP_8","s172",1021424.90
"PP_8","s173",977557.41
"PP_8","s174",976675.57
"PP_8","s175",1032385.09
"PP_8","s176",990006.53
"PP_8","s177",974484.42
"PP_8","s178",1003642.69
"PP_8","s179",1012572.39
"PP_8","s180",1029273.20
"PP_8","s181",1074732.96
"PP_8","s182",977294.74
"PP_8","s183",1040982.99
"PP_8","s184",1011099.75
"PP_8","s185",1013029.49
"PP_8","s186",1035631.41
"PP_8","s187",1004623.65
"PP_8","s188",1002765.94
"PP_8","s189",1020262.66
"PP_8","s190",1031880.09
"PP_8","s191",1030112.78
"PP_8","s192",1028637.65
"PP_8","s193",979882.36
"PP_8","s194",974353.56
"PP_8","s195",1028053.46
"PP_8","s196",995148.32
"PP_8","s197",1021694.79
"PP_8","s198",1040942.81
"PP_8","s199",1028986.44
"PP_8","s200",1029747.82
"PP_8","s201",987755.39
"PP_8","s202",975917.67
"PP_8","s203",1040984.38
"PP_8","s204",1036009.42
"PP_8","s205",1024238.04
"PP_8","s206",966293.60
"PP_8","s207",967622.25
"PP_8","s208",995442.45
"PP_8","s209",984084.88
"PP_8","s210",969369.01
"PP_8","s211",1019039.47
"PP_8","s212",968301.59
"PP_8","s213",1028607.13
"PP_8","s214",1022954.34
"PP_8","s215",957844.41
"PP_8","s216",958697.07
"PP_8","s217",1021367.08
"PP_8","s218",957519.98
"PP_8","s219",971551.33
"PP_8","s220",963256.51
"PP_8","s221",1040536.74
"PP_8","s222",968080.77
"PP_8","s223",1033711.14
"PP_8","s224",1030630.59
"PP_8","s225",962877.59
"PP_8","s226",974299.05
"PP_8","s227",977505.33
"PP_8","s228",1028836.98
"PP_8","s229",970628.69
"PP_8","s230",1040984.13
"PP_8","s231",1022772.96
"PP_8","s232",956555.65
"PP_8","s233",1039611.09
"PP_8","s234",1036877.38
"PP_8","s235",982163.04
"PP_8","s236",1035709.26
"PP_8","s237",1022151.64
"PP_8","s238",977742.64
"PP_8","s239",1041081.91
"PP_8","s240",1022082.38
"PP_8","s241",980459.61
"PP_8","s242",1030026.22
"PP_8","s243",1029156.90
"PP_8","s244",1004160.36
"PP_8","s245",979747.02
"PP_8","s246",1036302.83
"PP_8","s247",992546.42
"PP_8","s248",1032687.84
"PP_8","s249",1040978.57
"PP_8","s250",1022900.60
"PP_9","s1",1028114.81
"PP_9","s2",1035273.42
"PP_9","s3",976514.48
"PP_9","s4",990284.67
"PP_9","s5",975356.26
"PP_9","s6",971032.74
"PP_9","s7",1018040.87
"PP_9","s8",1034234.32
"PP_9","s9",972388.92
"PP_9","s10",1007767.50
"PP_9","s11",1029438.72
"PP_9","s12",1031413.76
"PP_9","s13",969134.03
"PP_9","s14",983029.21
"PP_9","s15",1032108.28
"PP_9","s16",974525.79
"PP_9","s17",967438.53
"PP_9","s18",1014687.56
"PP_9","s19",1040349.47
"PP_9","s20",972879.72
"PP_9","s21",972305.20
"PP_9","s22",975993.38
"PP_9","s23",973783.14
"PP_9","s24",1013419.38
"PP_9","s25",980514.36
"PP_9","s26",1033996.34
"PP_9","s27",1030913.78
"PP_9","s28",1002879.55
"PP_9","s29",998251.55
"PP_9","s30",1021719.15
"PP_9","s31",1040527.35
"PP_9","s32",1036317.49
"PP_9","s33",1032219.38
"PP_9","s34",982270.89
"PP_9","s35",976732.13
"PP_9","s36",1034078.47
"PP_9","s37",1034228.83
"PP_9","s38",976570.14
"PP_9","s39",963004.31
"PP_9","s40",1041928.28
"PP_9","s41",993504.13
"PP_9","s42",971480.34
"PP_9","s43",1040358.97
"PP_9","s44",1052725.37
"PP_9","s45",1023140.75
"PP_9","s46",1035299.11
"PP_9","s47",991583.35
"PP_9","s48",966221.56
"PP_9","s49",1034861.34
"PP_9","s50",1035837.68
"PP_9","s51",947986.07
"PP_9","s52",979856.63
"PP_9","s53",964967.96
"PP_9","s54",1015584.99
"PP_9","s55",1032037.71
"PP_9","s56",1038738.09
"PP_9","s57",1040802.20
"PP_9","s58",1015009.02
"PP_9","s59",1038368.70
"PP_9","s60",1027617.99
"PP_9","s61",988037.91
"PP_9","s62",974027.44
"PP_9","s63",1038005.39
"PP_9","s64",1033222.06
"PP_9","s65",991620.51
"PP_9","s66",961417.47
"PP_9","s67",1021726.08
"PP_9","s68",1041181.21
"PP_9","s69",975869.91
"PP_9","s70",1027042.24
"PP_9","s71",1040715.85
"PP_9","s72",1258305.39
"PP_9","s73",1031970.13
"PP_9","s74",976412.97
"PP_9","s75",1017175.44
"PP_9","s76",968496.32
"PP_9","s77",1038755.57
"PP_9","s78",1039898.81
"PP_9","s79",980178.27
"PP_9","s80",987381.17
"PP_9","s81",1036648.65
"PP_9","s82",969313.61
"PP_9","s83",1009256.07
"PP_9","s84",988872.56
"PP_9","s85",966754.73
"PP_9","s86",964508.42
"PP_9","s87",966983.50
"PP_9","s88",1037879.59
"PP_9","s89",1034344.48
"PP_9","s90",967924.29
"PP_9","s91",974877.88
"PP_9","s92",1038457.70
"PP_9","s93",1031132.58
"PP_9","s94",1037434.61
"PP_9","s95",1001498.33
"PP_9","s96",972208.02
"PP_9","s97",971997.69
"PP_9","s98",1036171.65
"PP_9","s99",960762.06
"PP_9","s100",1035439.55
"PP_9","s101",1013063.69
"PP_9","s102",1040736.70
"PP_9","s103",955256.48
"PP_9","s104",1043470.02
"PP_9","s105",994709.49
"PP_9","s106",969365.77
"PP_9","s107",1041202.64
"PP_9","s108",971631.18
"PP_9","s109",1038836.52
"PP_9","s110",1041928.27
"PP_9","s111",968265.69
"PP_9","s112",971386.63
"PP_9","s113",1020782.43
"PP_9","s114",978570.36
"PP_9","s115",968902.05
"PP_9","s116",1034368.48
"PP_9","s117",1029429.84
"PP_9","s118",1033361.62
"PP_9","s119",1039604.15
"PP_9","s120",1033624.29
"PP_9","s121",965101.25
"PP_9","s122",993914.09
"PP_9","s123",980691.28
"PP_9","s124",1030634.19
"PP_9","s125",1002916.32
"PP_9","s126",1041053.20
"PP_9","s127",976573.00
"PP_9","s128",1037058.43
"PP_9","s129",978514.98
"PP_9","s130",970522.36
"PP_9","s131",962109.68
"PP_9","s132",962903.56
"PP_9","s133",946808.11
"PP_9","s134",1032577.16
"PP_9","s135",1300167.20
"PP_9","s136",961431.26
"PP_9","s137",957640.87
"PP_9","s138",975469.34
"PP_9","s139",1027149.17
"PP_9","s140",1035213.22
"PP_9","s141",980059.41
"PP_9","s142",976791.29
"PP_9","s143",1037696.44
"PP_9","s144",1035796.75
"PP_9","s145",1031888.79
"PP_9","s146",988691.88
"PP_9","s147",1038415.05
"PP_9","s148",1040916.62
"PP_9","s149",1041877.98
"PP_9","s150",1030625.31
"PP_9","s151",972947.57
"PP_9","s152",960044.66
"PP_9","s153",977115.99
"PP_9","s154",958042.88
"PP_9","s155",994668.03
"PP_9","s156",1039506.60
"PP_9","s157",1041501.63
"PP_9","s158",960672.59
"PP_9","s159",973539.43
"PP_9","s160",1034163.43
"PP_9","s161",1041927.29
"PP_9","s162",1043448.02
"PP_9","s163",959646.95
"PP_9","s164",987431.31
"PP_9","s165",967973.27
"PP_9","s166",963647.05
"PP_9","s167",973089.80
"PP_9","s168",1035330.34
"PP_9","s169",985255.90
"PP_9","s170",1040851.13
"PP_9","s171",968831.69
"PP_9","s172",1026308.91
"PP_9","s173",973805.98
"PP_9","s174",974456.27
"PP_9","s175",1036479.61
"PP_9","s176",985500.40
"PP_9","s177",970235.97
"PP_9","s178",1000591.75
"PP_9","s179",1015782.71
"PP_9","s180",1034508.70
"PP_9","s181",1063310.37
"PP_9","s182",972917.13
"PP_9","s183",1041926.76
"PP_9","s184",1017528.31
"PP_9","s185",1016017.38
"PP_9","s186",1036002.65
"PP_9","s187",1006201.86
"PP_9","s188",1003396.90
"PP_9","s189",1018817.03
"PP_9","s190",1036040.93
"PP_9","s191",1035058.78
"PP_9","s192",1033967.37
"PP_9","s193",979753.87
"PP_9","s194",972129.60
"PP_9","s195",1031813.99
"PP_9","s196",991188.64
"PP_9","s197",1024306.60
"PP_9","s198",1041901.58
"PP_9","s199",1034235.11
"PP_9","s200",1033979.15
"PP_9","s201",983007.36
"PP_9","s202",971417.40
"PP_9","s203",1041928.28
"PP_9","s204",1038766.94
"PP_9","s205",1028858.73
"PP_9","s206",964700.87
"PP_9","s207",965525.14
"PP_9","s208",997037.74
"PP_9","s209",978941.62
"PP_9","s210",967790.05
"PP_9","s211",1021132.10
"PP_9","s212",965719.59
"PP_9","s213",1034086.43
"PP_9","s214",1021969.43
"PP_9","s215",954764.05
"PP_9","s216",956107.51
"PP_9","s217",1024904.30
"PP_9","s218",955376.81
"PP_9","s219",965067.22
"PP_9","s220",960617.61
"PP_9","s221",1041535.85
"PP_9","s222",965941.06
"PP_9","s223",1033876.94
"PP_9","s224",1035333.40
"PP_9","s225",960395.42
"PP_9","s226",974351.44
"PP_9","s227",975938.91
"PP_9","s228",1033709.97
"PP_9","s229",964045.87
"PP_9","s230",1041928.00
"PP_9","s231",1027608.03
"PP_9","s232",953972.89
"PP_9","s233",1040408.08
"PP_9","s234",1039325.12
"PP_9","s235",980608.80
"PP_9","s236",1037849.71
"PP_9","s237",1023551.99
"PP_9","s238",973357.53
"PP_9","s239",1041989.69
"PP_9","s240",1025953.53
"PP_9","s241",974928.52
"PP_9","s242",1033622.39
"PP_9","s243",1034022.35
"PP_9","s244",1008863.83
"PP_9","s245",974139.70
"PP_9","s246",1037206.93
"PP_9","s247",989784.12
"PP_9","s248",1036667.62
"PP_9","s249",1041921.85
"PP_9","s250",1027203.97
"PP_10","s1",1032797.86
"PP_10","s2",1039802.35
"PP_10","s3",971194.56
"PP_10","s4",990558.41
"PP_10","s5",973286.60
"PP_10","s6",966143.07
"PP_10","s7",1021758.05
"PP_10","s8",1039143.35
"PP_10","s9",966675.79
"PP_10","s10",1010542.80
"PP_10","s11",1034058.60
"PP_10","s12",1035245.31
"PP_10","s13",966458.55
"PP_10","s14",983579.51
"PP_10","s15",1034944.68
"PP_10","s16",969015.75
"PP_10","s17",965950.84
"PP_10","s18",1015939.45
"PP_10","s19",1042189.72
"PP_10","s20",967214.32
"PP_10","s21",971412.91
"PP_10","s22",970623.64
"PP_10","s23",968202.09
"PP_10","s24",1015180.07
"PP_10","s25",975576.61
"PP_10","s26",1039464.04
"PP_10","s27",1035559.51
"PP_10","s28",1005164.74
"PP_10","s29",1000848.44
"PP_10","s30",1024945.23
"PP_10","s31",1042105.72
"PP_10","s32",1040460.50
"PP_10","s33",1034077.85
"PP_10","s34",978795.80
"PP_10","s35",976080.55
"PP_10","s36",1039403.36
"PP_10","s37",1039250.12
"PP_10","s38",971681.00
"PP_10","s39",961593.10
"PP_10","s40",1042862.02
"PP_10","s41",992297.06
"PP_10","s42",966013.57
"PP_10","s43",1042095.34
"PP_10","s44",1047409.07
"PP_10","s45",1024895.11
"PP_10","s46",1040025.59
"PP_10","s47",988593.93
"PP_10","s48",962426.73
"PP_10","s49",1039828.96
"PP_10","s50",1038775.69
"PP_10","s51",944986.35
"PP_10","s52",978799.63
"PP_10","s53",958549.30
"PP_10","s54",1015262.69
"PP_10","s55",1036588.03
"PP_10","s56",1041489.22
"PP_10","s57",1041628.28
"PP_10","s58",1018002.50
"PP_10","s59",1041371.71
"PP_10","s60",1029929.03
"PP_10","s61",983819.08
"PP_10","s62",968469.76
"PP_10","s63",1041128.20
"PP_10","s64",1038540.58
"PP_10","s65",987744.75
"PP_10","s66",959777.73
"PP_10","s67",1025437.91
"PP_10","s68",1042043.53
"PP_10","s69",975204.07
"PP_10","s70",1027419.30
"PP_10","s71",1041768.74
"PP_10","s72",1283254.75
"PP_10","s73",1037877.83
"PP_10","s74",975423.05
"PP_10","s75",1020790.00
"PP_10","s76",968298.04
"PP_10","s77",1040791.12
"PP_10","s78",1040638.53
"PP_10","s79",976789.36
"PP_10","s80",984203.62
"PP_10","s81",1040603.03
"PP_10","s82",968055.84
"PP_10","s83",1007089.73
"PP_10","s84",987121.08
"PP_10","s85",964935.31
"PP_10","s86",961495.14
"PP_10","s87",965456.18
"PP_10","s88",1041128.44
"PP_10","s89",1039592.74
"PP_10","s90",961783.16
"PP_10","s91",974002.35
"PP_10","s92",1039059.65
"PP_10","s93",1036203.38
"PP_10","s94",1040908.82
"PP_10","s95",999422.62
"PP_10","s96",968454.37
"PP_10","s97",970138.20
"PP_10","s98",1038160.49
"PP_10","s99",959250.91
"PP_10","s100",1039787.26
"PP_10","s101",1011237.94
"PP_10","s102",1041556.53
"PP_10","s103",949474.94
"PP_10","s104",1043520.98
"PP_10","s105",992072.55
"PP_10","s106",963362.43
"PP_10","s107",1042069.61
"PP_10","s108",970476.67
"PP_10","s109",1041539.43
"PP_10","s110",1042862.02
"PP_10","s111",964583.72
"PP_10","s112",969985.52
"PP_10","s113",1019694.60
"PP_10","s114",975656.92
"PP_10","s115",968545.56
"PP_10","s116",1039601.87
"PP_10","s117",1033890.12
"PP_10","s118",1038488.96
"PP_10","s119",1041836.01
"PP_10","s120",1038013.68
"PP_10","s121",960206.57
"PP_10","s122",994788.03
"PP_10","s123",979653.50
"PP_10","s124",1037617.28
"PP_10","s125",1003371.18
"PP_10","s126",1042475.67
"PP_10","s127",976194.28
"PP_10","s128",1040772.30
"PP_10","s129",973376.82
"PP_10","s130",969130.58
"PP_10","s131",955412.64
"PP_10","s132",960662.22
"PP_10","s133",942813.91
"PP_10","s134",1036716.86
"PP_10","s135",1321182.02
"PP_10","s136",960750.90
"PP_10","s137",951064.78
"PP_10","s138",971571.41
"PP_10","s139",1031637.49
"PP_10","s140",1039988.85
"PP_10","s141",975078.33
"PP_10","s142",971485.88
"PP_10","s143",1040790.01
"PP_10","s144",1040238.52
"PP_10","s145",1038184.73
"PP_10","s146",984536.15
"PP_10","s147",1039012.92
"PP_10","s148",1041786.07
"PP_10","s149",1042806.91
"PP_10","s150",1035336.14
"PP_10","s151",971149.04
"PP_10","s152",954921.65
"PP_10","s153",971853.58
"PP_10","s154",955473.94
"PP_10","s155",993602.64
"PP_10","s156",1041822.15
"PP_10","s157",1042679.47
"PP_10","s158",957252.68
"PP_10","s159",967935.09
"PP_10","s160",1039535.46
"PP_10","s161",1042860.86
"PP_10","s162",1043303.98
"PP_10","s163",955001.49
"PP_10","s164",984049.24
"PP_10","s165",961840.34
"PP_10","s166",957096.96
"PP_10","s167",967442.48
"PP_10","s168",1040007.60
"PP_10","s169",982531.75
"PP_10","s170",1041681.89
"PP_10","s171",967522.42
"PP_10","s172",1031140.32
"PP_10","s173",970094.95
"PP_10","s174",972260.87
"PP_10","s175",1040530.05
"PP_10","s176",981042.79
"PP_10","s177",966033.26
"PP_10","s178",997573.65
"PP_10","s179",1018958.45
"PP_10","s180",1039687.82
"PP_10","s181",1052010.78
"PP_10","s182",968586.65
"PP_10","s183",1042860.37
"PP_10","s184",1023887.65
"PP_10","s185",1018973.09
"PP_10","s186",1036369.89
"PP_10","s187",1007763.07
"PP_10","s188",1004021.07
"PP_10","s189",1017386.96
"PP_10","s190",1040156.97
"PP_10","s191",1039951.52
"PP_10","s192",1039239.70
"PP_10","s193",979626.77
"PP_10","s194",969929.58
"PP_10","s195",1035534.04
"PP_10","s196",987271.59
"PP_10","s197",1026890.28
"PP_10","s198",1042850.04
"PP_10","s199",1039427.26
"PP_10","s200",1038164.92
"PP_10","s201",978310.44
"PP_10","s202",966965.59
"PP_10","s203",1042862.02
"PP_10","s204",1041494.77
"PP_10","s205",1033429.67
"PP_10","s206",963125.28
"PP_10","s207",963450.61
"PP_10","s208",998615.85
"PP_10","s209",973853.74
"PP_10","s210",966228.10
"PP_10","s211",1023202.20
"PP_10","s212",963165.39
"PP_10","s213",1039506.73
"PP_10","s214",1020995.12
"PP_10","s215",951716.85
"PP_10","s216",953545.84
"PP_10","s217",1028403.44
"PP_10","s218",953256.71
"PP_10","s219",958652.92
"PP_10","s220",958007.12
"PP_10","s221",1042524.19
"PP_10","s222",963824.39
"PP_10","s223",1034040.96
"PP_10","s224",1039985.58
"PP_10","s225",957939.98
"PP_10","s226",974403.26
"PP_10","s227",974389.36
"PP_10","s228",1038530.50
"PP_10","s229",957533.93
"PP_10","s230",1042861.72
"PP_10","s231",1032391.05
"PP_10","s232",951417.93
"PP_10","s233",1041196.49
"PP_10","s234",1041746.50
"PP_10","s235",979071.29
"PP_10","s236",1039967.10
"PP_10","s237",1024937.25
"PP_10","s238",969019.63
"PP_10","s239",1042887.70
"PP_10","s240",1029783.00
"PP_10","s241",969456.97
"PP_10","s242",1037179.83
"PP_10","s243",1038835.41
"PP_10","s244",1013516.65
"PP_10","s245",968592.75
"PP_10","s246",1038101.29
"PP_10","s247",987051.57
"PP_10","s248",1040604.55
"PP_10","s249",1042854.98
"PP_10","s250",1031461.00
